Animal,Website,Actions,Duplicate Check,Fold,Validation,Dog,Unnamed: 7,Unnamed: 8,Unnamed: 9,Cat,Unnamed: 11,Unnamed: 12,Unnamed: 13
Dog,https://www.youtube.com/watch?v=ej83f-LrWLY,"[(""Walking"", 0:03-0:07), (""Standing(on all fours)"", 0:08-0:12), (""Standing(on all fours)"", 0:18-0:22), (""Sniffing"", 0:25-0:32) (""Seizures"",1:22-1:48)]",Unique,3.0,,Normal,Quantity,Abnormal,Quantity,Normal,Quantity,Abnormal,Quantity
Dog,https://www.youtube.com/watch?v=PtO8XCOuvgY,"[(""Seizures"",0:05-0:17), (""Seizures"",0:50-0:59)]",Unique,4.0,,Running,50,Vomiting,37,Running,35,Vomiting ,46
Dog,https://www.youtube.com/watch?v=XyL-xKXMSIY,"[(""Seizures"",0:21-0:54), (""Seizures"", 1:15-1:30)]",Unique,5.0,,Walking,59,Seizures,35,Walking,44,Seizures,36
Dog,https://www.youtube.com/watch?v=D-0bAeAsSFY,"[(""Seizures"",0:03-0:23)]",Unique,1.0,,Sniffing,64,Coughing,36,Sniffing ,51,Coughing,57
Cat,https://www.youtube.com/watch?v=PdEMrJlmd8U,"[(""Seizures"", 0:05-0:48), (""Seizures"", 1:01-1:09), (""Lying"",1:49-1:54)]",Unique,1.0,,Standing(on all fours),65,Movement Disorder,56,Standing(on all fours),52,Movement Disorder,51
Cat,https://www.youtube.com/watch?v=v1rdiiT_44o,"[(""Seizures"", 0:24-0:30), (""Seizures"", 0:37-0:59)]",Unique,5.0,,Standing(bipedal),44,,,Standing(bipedal),50,,
Dog,https://www.youtube.com/watch?v=ExcQZFswFks,"[(""Seizures"", 0:30-0:41), (""Seizures"", 1:13-1:20)]",Unique,3.0,,Sitting,50,,,Sitting,37,,
Cat,https://www.youtube.com/watch?v=XWbNEKvJZ0M,"[(""Seizures"", 0:13-0:27)]",Unique,4.0, ,Lying,30,,,Lying,51,,
Cat,https://www.youtube.com/watch?v=wlTgaiwiGeM,"[(""Movement Disorder"", 0:06-0:16), (""Seizures"", 0:37-0:44), (""Seizures"", 0:53-1:20), (""Lying"", 1:25-1:30)]",Unique,2.0,,,,,,,,,
Cat,https://youtu.be/cKsz8izf-jo?feature=shared,"[(""Seizures"", 0:01-0:10), (""Seizures"", 1:14-1:20)]",Unique,3.0,,5-second Accounts,,,,,,,
Cat,https://www.youtube.com/watch?v=CEsXGnlGf2w,"[(""Seizures"", 0:00-0:23), (""Lying"", 0:30-0:42)]",Unique,4.0,,Dog,,,,Cat,,,
Cat,https://www.youtube.com/watch?v=IxQD51LpKFw,"[(""Seizures"", 0:04-0:15), (""Sitting"", 1:10-1:18)]",Unique,5.0,,Normal,Quantity,Abnormal,Quantity,Normal,Quantity,Abnormal,Quantity
Dog,https://www.youtube.com/watch?v=AHUr7PGnJqw,"[(""Lying"", 0:04-0:08), (""Vomiting"", 0:14-0:18)]",Unique,1.0,V,Running,85,Vomiting,81,Running,43,Vomiting ,81
Cat,https://www.youtube.com/watch?v=tYhFGwUJCj4,"[(""Lying"", 0:00-0:05), (""Vomiting"", 0:13-0:17)]",Unique,3.0,,Walking,83,Seizures,96,Walking,95,Seizures,86
Cat,https://youtu.be/i_n83OZ8hPg?feature=shared,"[(""Vomiting"",0:00-0:11)]",Unique,3.0,,Sniffing,83,Coughing,49,Sniffing ,84,Coughing,81
Cat,https://www.youtube.com/watch?v=XIsLCkDBsh4,"[(""Seizures"", 0:00-0:13), (""Lying"", 0:20-0:30)]",Unique,5.0,,Standing(on all fours),80,Movement Disorder,80,Standing(on all fours),72,Movement Disorder,80
Cat,https://www.youtube.com/watch?v=kFJ5ykV9eAI,"[(""Walking"", 0:03-0:08), (""Vomiting"",0:11-0:20)]",Unique,1.0,,Standing(bipedal),80,,,Standing(bipedal),87,,
Cat,https://www.youtube.com/watch?v=mgAzz0-i6Fo,"[(""Sniffing"", 0:43-0:58)]",Unique,1.0,,Sitting,80,,,Sitting,80,,
Dog,https://www.youtube.com/shorts/WycJwvXh1Tg,"[(""Coughing"", 0:02-0:18)]",Unique,1.0,,Lying,87,,,Lying,84,,
Dog,https://www.youtube.com/watch?v=Re9G5O7d1w0,"[(""Coughing"", 0:02-0:07)]",Unique,5.0,V,,,,,,,,
Dog,https://www.youtube.com/watch?v=TrFlQCkndRs,"[(""Movement Disorder"", 0:00-0:12), (""Movement Disorder"", 0:27-0:32), (""Standing(on all fours)"", 0:33-0:38)]",Unique,5.0,,,,,,,,,
Dog,https://www.youtube.com/watch?v=3-QNv9PYJPo,"[(""Movement Disorder"", 0:20-0:27)], [(""Walking"", 0:37-0:43)]",Unique,2.0,,,,,,,,,
Dog,https://www.youtube.com/watch?v=voHoEg2au2I,"[(""Movement Disorder"", 0:02-0:08)]",Unique,5.0,V,,,,,,,,
Cat,https://www.youtube.com/watch?v=l7-ZgXHxruY,"[(""Movement Disorder"", 0:01-0:12), (""Movement Disorder"", 0:56-1:16), (""Movement Disorder"", 2:03-2:15), (""Movement Disorder"", 2:19-2:37), (""Standing(on all fours)"", 2:46-2:58), (""Movement Disorder"", 3:02-3:22), (""Movement Disorder"", 3:29-3:40)]",Unique,3.0,,,,,,,,,
Cat,https://www.youtube.com/watch?v=hdc0CF4f8fU,"[(""Standing(on all fours)"", 0:21-0:37)]",Unique,5.0,,,,,,,,,
Cat,https://www.youtube.com/watch?v=FIwafJyHFzw,"[(""Movement Disorder"", 0:08-0:14), (""Movement Disorder"", 1:42-1:46)]",Unique,2.0,,,,,,,,,
Dog,https://www.youtube.com/watch?v=Ob4n13pbhtU,"[(""Running"", 0:34-0:40), (""Running"", 2:01-2:05)]",Unique,3.0,,,,,,,,,
Dog,https://www.youtube.com/shorts/qPkTnaLGGCU,"[(""Standing(on all fours)"", 0:01-0:06), (""Movement Disorder"", 0:09-0:19)]",Unique,3.0,,,,,,,,,
Dog,https://www.youtube.com/watch?v=QTRwbLctcwk,"[(""Seizures"",0:11-0:33)]",Unique,2.0,,,,,,,,,
Dog,https://www.youtube.com/watch?v=k-EPxNDCaeY,"[(""Running"", 0:04-0:19)]",Unique,1.0,,,,,,,,,
Cat,https://www.youtube.com/watch?v=CXKLVsB_7aw,"[(""Running"", 0:13-0:20), (""Running"", 0:52-1:03), (""Running"", 1:49-2:00), (""Running"", 2:19-2:25), (""Running"", 2:45-2:50)]",Unique,5.0,,,,,,,,,
Dog,https://www.youtube.com/shorts/Pinmpok9pSM,"[(""Seizures"",0:00-0:07)]",Unique,2.0,,,,,,,,,
Cat,https://www.youtube.com/shorts/v53JYg2cljQ,"[(""Seizures"",0:03-0:17)]",Unique,3.0,,,,,,,,,
Cat,https://www.youtube.com/shorts/fnwXdroLT-k,"[(""Seizures"", 0:00-0:06)]",Unique,2.0,,,,,,,,,
Cat,https://www.youtube.com/watch?v=pGUHRGFpKWM,"[(""Seizures"",1:18-1:26)]",Unique,1.0,,,,,,,,,
Cat,https://www.youtube.com/watch?v=TDVlGoCNmeY,"[(""Seizures"", 0:02-0:13), (""Seizures"",1:07-1:21), (""Lying"", 1:52-2:02)]",Unique,2.0,,,,,,,,,
Cat,https://www.youtube.com/watch?v=lbteSyr3_NI,"[(""Seizures"",0:00-0:25), (""Seizures"", 0:27-0:33)]",Unique,4.0,,,,,,,,,
Cat,https://www.youtube.com/watch?v=sNWDU8LX6JM,"[(""Seizures"",0:00-0:06), (""Seizures"", 0:09-0:49)]",Unique,3.0,,,,,,,,,
Dog,https://www.youtube.com/watch?v=YXxmAkduF3Q,"[(""Seizures"",0:25-0:37), (""Lying"", 3:01-3:09)]",Unique,4.0,,,,,,,,,
Dog,https://www.youtube.com/watch?v=XaiU5cUdyYo,"[(""Seizures"",0:07-0:18)]",Unique,1.0,,,,,,,,,
Dog,https://www.youtube.com/watch?v=qPReWIpARnk,"[(""Seizures"",0:25-0:37)]",Unique,5.0,,,,,,,,,
Dog,https://www.youtube.com/watch?v=KeFeC-E9-dk,"[(""Lying"",0:15-0:53)],[(""Lying"", 1:03-1:30)],[(""Lying"", 2:29-2:41)], [(""Sitting"", 2:44-2:49)], [(""Lying"", 3:09-3:27)]",Unique,5.0,,,,,,,,,
Dog,https://www.youtube.com/watch?v=ueAIB7tN8IE,"[(""Movement Disorder"", 0:07-0:15), (""Standing(on all fours), 0:24-0:33"")]",Unique,4.0,,,,,,,,,
Dog,https://www.youtube.com/watch?v=VaoC01V4tjM,"[(""Seizures"",0:46-1:01), (""Seizures"", 1:03-1:19)]",Unique,1.0,,,,,,,,,
Cat,https://www.youtube.com/watch?v=ybwFzCj_rfM,"[(""Seizures"",0:14-0:23)]",Unique,5.0,V,,,,,,,,
Cat,https://www.youtube.com/watch?v=PtYkf9X5S1k,"[(""Seizures"",0:15-0:28)]",Unique,4.0,,,,,,,,,
Cat,https://www.youtube.com/watch?v=byApGIDo8g8,"[(""Sitting"",0:08-0:38)]",Unique,4.0,,,,,,,,,
Cat,https://www.youtube.com/watch?v=_zFCwhNtGQ4,"[(""Seizures"",0:02-0:18)]",Unique,4.0,,,,,,,,,
Dog,https://www.youtube.com/watch?v=A8YPHoc0dR0,"[(""Running"", 0:02-0:20)]",Unique,2.0,,,,,,,,,
Dog,https://www.youtube.com/watch?v=KD9-SzGULHE,"[(""Walking"", 0:00-0:12)]",Unique,2.0,,,,,,,,,
Dog,https://www.youtube.com/watch?v=yyWheXqf_hM,"[(""Walking"", 1:59-2:01), (""Sitting"", 2:19-2:23)], [(""Walking"",3:59-4:03), (""Running"", 4:16-4:20)], [(""Running"", 6:11-6:15)], [(""Walking"", 7:27-7:30)]",Unique,1.0,,,,,,,,,
Dog,https://www.youtube.com/shorts/aElI539fD_E,"[(""Coughing"", 0:00-0:09)]",Unique,4.0,,,,,,,,,
Dog,https://www.youtube.com/watch?v=UT9o1vKJQ58,"[(""Lying"", 0:07-0:17), (""Coughing"", 0:22-0:27)]",Unique,5.0,,,,,,,,,
Dog,https://www.youtube.com/shorts/fOdZt56p6uc,"[(""Sitting"", 0:00-0:08)]",Unique,1.0,,,,,,,,,
Dog,https://www.youtube.com/shorts/wmxLd-qAtiY,"[(""Coughing"", 0:01-0:06)]",Unique,3.0,V,,,,,,,,
Dog,https://www.youtube.com/watch?v=JwZDWWwVxqY,"[(""Coughing"", 0:29-0:42)], [(""Coughing"", 0:47-1:02)]",Unique,4.0,,,,,,,,,
Dog,https://www.youtube.com/shorts/jkeS8vm45Bg,"[(""Walking"", 0:07-0:11)]",Unique,4.0,,,,,,,,,
Dog,https://www.youtube.com/shorts/KB59yrh-M0k,"[(""Standing(on all fours)"", 0:15-0:26)]",Unique,3.0,,,,,,,,,
Dog,https://www.youtube.com/watch?v=D2xyscDiW48,"[(""Walking"", 0:48-1:03), (""Walking"", 1:07-1:12), (""Lying"", 1:23-1:30), (""Lying"", 1:56-2:01), (""Sniffing"", 2:07-2:11), (""Lying"", 3:40-4:20)]",Unique,2.0,,,,,,,,,
Dog,https://www.youtube.com/watch?v=fh_46e9eh3A,"[(""Walking"", 0:00-0:19)]",Unique,5.0,,,,,,,,,
Dog,https://www.youtube.com/watch?v=ox4Z_zTzHZA,"[(""Standing(on all fours)"", 0:45-0:52), (""Walking"", 1:54-1:58)]",Unique,3.0,,,,,,,,,
Dog,https://www.youtube.com/watch?v=6LIEZu66Mp0,"[(""Sniffing"", 0:25-0:29), (""Sniffing"", 1:58-2:08)]",Unique,4.0,,,,,,,,,
Dog,https://www.youtube.com/watch?v=Y0un9FUxxxA,"[(""Lying"", 1:17-1:31), (""Sniffing"", 1:34-1:45), (""Sniffing"", 5:59-6:04)]",Unique,5.0,,,,,,,,,
Dog,https://www.youtube.com/watch?v=EtiIE1Yzlxs,"[(""Sitting"", 2:31-2:36), (""Standing(on all fours)"", 2:44-2:49), (""Sniffing"", 3:03-3:11)]",Unique,1.0,,,,,,,,,
Dog,https://www.youtube.com/watch?v=8CYp7Jt3kLo,"[(""Lying"", 6:07-6:17)]",Unique,2.0,V,,,,,,,,
Dog,https://www.youtube.com/watch?v=uaPZtrMBZDQ,"[(""Running"", 0:11-0:15)]",Unique,3.0,V,,,,,,,,
Dog,https://www.youtube.com/watch?v=_-6dq7rvPpQ,"[(""Walking"", 0:44-0:49)]",Unique,3.0,,,,,,,,,
Dog,https://www.youtube.com/watch?v=ymU8htqPUoc,"[(""Standing(on all fours)"", 3:59-4:05)]",Unique,1.0,,,,,,,,,
Dog,https://www.youtube.com/watch?v=c23q2RztR_U,"[(""Walking"", 0:00-0:06), (""Walking"", 0:13-0:18), (""Sniffing"", 1:20-1:26), (""Sniffing"", 1:39-1:43), (""Walking"", 1:58-2:06), (""Walking"", 2:52-2:59), (""Walking"", 3:31-3:35)]",Unique,2.0,,,,,,,,,
Dog,https://www.youtube.com/watch?v=ZQyeUdA9Png,"[(""Walking"", 0:00-0:25)]",Unique,3.0,,,,,,,,,
Dog,https://www.youtube.com/shorts/oc5PqaiYLoQ,"[(""Standing(on all fours)"", 0:00-0:10)]",Unique,2.0,,,,,,,,,
Dog,https://www.youtube.com/watch?v=mxOqlzm3mtE,"[(""Walking"", 0:00-0:15), (""Walking"", 0:35-1:00)]",Unique,3.0,,,,,,,,,
Dog,https://www.youtube.com/watch?v=vdLOsFGORIE,"[(""Lying"", 0:32-0:37), (""Lying"", 0:59-1:03)]",Unique,1.0,,,,,,,,,
Dog,https://www.youtube.com/shorts/DgTu_TZeiMA,"[(""Standing(on all fours)"", 0:00-0:04)]",Unique,5.0,V,,,,,,,,
Cat,https://www.youtube.com/watch?v=ofmAreo7SH0,"[(""Lying"", 0:06-0:12)]",Unique,2.0,V,,,,,,,,
Dog,https://www.youtube.com/watch?v=OkIa0GXfto0,"[(""Walking"", 0:00-0:18)]",Unique,4.0,,,,,,,,,
Dog,https://www.youtube.com/shorts/9Vggf7EA2C4,"[(""Sitting"", 0:00-0:04)]",Unique,2.0,V,,,,,,,,
Dog,https://www.youtube.com/watch?v=7eJ7cXRnbfc,"[(""Sitting"",0:03-0:10)]",Unique,3.0,,,,,,,,,
Dog,https://www.youtube.com/watch?v=_pqYQQrnOqc,"[(""Sitting"",0:01-0:07)]",Unique,4.0,V,,,,,,,,
Cat,https://www.youtube.com/shorts/l7gN1UI8Zi8,"[(""Seizures"", 0:00-0:21)]",Unique,2.0,,,,,,,,,
Dog,https://www.youtube.com/watch?v=KWk4yxWitck,"[(""Running"", 1:39-1:43)]",Unique,2.0,V,,,,,,,,
Dog,https://www.youtube.com/watch?v=HZJUQ9Bwo2U,"[(""Lying"", 0:00-0:17)]",Unique,5.0,,,,,,,,,
Dog,https://www.youtube.com/shorts/nMklRskLcv0,"[(""Sitting"", 0:02-0:09)]",Unique,5.0,,,,,,,,,
Dog,https://www.youtube.com/shorts/xy_ce3ASXrg,"[(""Lying"", 0:00-0:08)]",Unique,5.0,V,,,,,,,,
Dog,http://youtube.com/shorts/oZbblx-FELw,"[(""Sitting"", 0:00-0:08)]",Unique,1.0,,,,,,,,,
Dog,https://www.youtube.com/shorts/hZWhVQafdmo,"[(""Seizures"", 0:00-0:26)]",Unique,4.0,,,,,,,,,
Cat,https://www.youtube.com/shorts/-6mR9SJl27s,"[(""Movement Disorder"", 0:05-0:09)]",Unique,1.0,,,,,,,,,
Dog,https://www.youtube.com/watch?v=uVkS_SRlkK0,"[(""Standing(on all fours)"",0:00-0:13), (""Sitting"", 0:48-1:08), (""Sniffing"", 1:12-1:18)]]",Unique,4.0,,,,,,,,,
Dog,https://www.youtube.com/shorts/NKXIJrXFNrk,"[(""Lying"", 0:00-0:11)]",Unique,4.0,,,,,,,,,
Dog,https://www.youtube.com/shorts/Rn9YM8dwy9Q,"[(""Sitting"", 0:00-0:07)]",Unique,2.0,,,,,,,,,
Dog,https://www.youtube.com/shorts/cD3j6inw1Qg,"[(""Sniffing"", 0:52-0:56)]",Unique,1.0,,,,,,,,,
Cat,https://www.youtube.com/watch?v=elpW0BsA-LQ,"[(""Lying"", 0:38-0:43), (""Sniffing"", 0:53-1:04), (""Lying"", 1:21-1:28)]",Unique,3.0,,,,,,,,,
Cat,https://www.youtube.com/watch?v=c-FfLRTGbi4,"[(""Seizures"", 0:12-0:17), (""Sniffing"", 2:35-2:40)]",Unique,3.0,,,,,,,,,
Cat,https://www.youtube.com/watch?v=R_JyureheBk,"[(""Lying"", 0:42-0:49), (""Seizures"", 1:48-2:01)]",Unique,4.0,,,,,,,,,
Dog,https://www.youtube.com/watch?v=Dj5o17kMBDU,"[(""Standing(on all fours)"", 0:04-0:09)]",Unique,4.0,,,,,,,,,
Dog,https://www.youtube.com/shorts/MmmVybkAtrs,"[(""Sniffing"", 0:08-0:14)]",Unique,2.0,,,,,,,,,
Dog,https://www.youtube.com/shorts/vxT9Bpw5jtg,"[(""Movement Disorder"", 0:01-0:09)]",Unique,3.0,,,,,,,,,
Dog,https://www.youtube.com/shorts/39JWgknjHSE,"[(""Movement Disorder"", 0:01-0:12)]",Unique,2.0,,,,,,,,,
Dog,https://www.youtube.com/watch?v=6qalg4a20SI,"[(""Movement Disorder"", 0:00-0:05)]",Unique,5.0,V,,,,,,,,
Dog,https://www.youtube.com/watch?v=QLL7HxJdxpY,"[(""Vomiting"", 0:00-0:10)]",Unique,1.0,V,,,,,,,,
Dog,https://www.youtube.com/watch?v=CR_5uZkcADw,"[(""Vomiting"", 1:38-1:42)]",Unique,2.0,,,,,,,,,
Cat,https://www.youtube.com/watch?v=w_odajz4FgI,"[(""Sitting"", 0:14-0:34)]",Unique,3.0,,,,,,,,,
Dog,https://www.youtube.com/shorts/fZ85wDcNa2E,"[(""Vomiting"", 0:00-0:17)]",Unique,1.0,,,,,,,,,
Dog,https://www.youtube.com/watch?v=PRDgV0O0z8A,"[(""Vomiting"", 0:00-0:10)], [(""Vomiting"", 0:14-0:22)], [(""Vomiting"", 2:24-2:38)]",Unique,2.0,,,,,,,,,
Dog,https://www.youtube.com/watch?v=PV-JUcbAHb4,"[(""Vomiting"", 1:30-1:35)], [(""Vomiting"", 1:47-1:52)]",Unique,5.0,,,,,,,,,
Cat,https://www.youtube.com/shorts/x77ly5B_Wq0,"[(""Walking"",0:01-0:05)]",Unique,1.0,,,,,,,,,
Cat,https://www.youtube.com/shorts/sSD8yefg5T0,"[(""Seizures"", 0:00-0:22)]",Unique,2.0,,,,,,,,,
Cat,https://www.youtube.com/watch?v=qHexBb35ens,"[(""Walking"", 0:01-0:14)]",Unique,2.0,,,,,,,,,
Cat,https://www.youtube.com/watch?v=602UxE0w_sY,"[(""Lying"", 0:00-1:10), (""Seizures"", 1:16-1:25)]",Unique,5.0,,,,,,,,,
Cat,https://www.youtube.com/watch?v=8pNpi2jnQLk,"[(""Seizures"", 0:00-0:09)]",Unique,3.0,V,,,,,,,,
Cat,https://www.youtube.com/watch?v=cm74P-llas4,"[(""Running"", 1:22-1:27)]",Unique,3.0,V,,,,,,,,
Cat,https://www.youtube.com/watch?v=XVO9CS8D4hQ,"[(""Running"", 0:04-0:23)]",Unique,1.0,,,,,,,,,
Cat,https://www.youtube.com/shorts/EZvljEZ2Fe8,"[(""Running"", 0:08-0:12)]",Unique,2.0,,,,,,,,,
Cat,https://www.youtube.com/watch?v=1sLcn60qYUo,"[(""Seizures"", 0:06-0:10)]",Unique,2.0,V,,,,,,,,
Cat,https://www.youtube.com/watch?v=6IPd5sqts08,"[(""Walking"", 0:17-0:21)]",Unique,2.0,V,,,,,,,,
Cat,https://www.youtube.com/shorts/4FIDvS3TMvc,"[(""Standing(on all fours)"", 0:05-0:09)]",Unique,4.0,V,,,,,,,,
Cat,https://www.youtube.com/shorts/Q2xwJYYz3gs,"[(""Walking"", 0:00-0:05)]",Unique,3.0,,,,,,,,,
Cat,https://www.youtube.com/shorts/_VMCLPKRkg0,"[(""Running"", 0:00-0:06)]",Unique,1.0,,,,,,,,,
Cat,https://www.youtube.com/shorts/TfkqFKhvB-w,"[(""Sniffing"", 0:01-0:16)]",Unique,2.0,,,,,,,,,
Cat,https://www.youtube.com/watch?v=cEK6t6pHWVo,"[(""Sitting"", 0:00-0:04), (""Sitting"", 0:10-0:15)]",Unique,1.0,,,,,,,,,
Cat,https://www.youtube.com/shorts/KJXIFTcAIF0,"[(""Running"", 0:01-0:07)]",Unique,2.0,V,,,,,,,,
Cat,https://www.youtube.com/watch?v=JrD6v0UgxIw,"[(""Lying"", 0:00-0:04)]",Unique,1.0,,,,,,,,,
Cat,https://www.youtube.com/watch?v=z--vkqB-m1o,"[(""Standing(on all fours)"", 0:14-0:21)]",Unique,3.0,,,,,,,,,
Dog,https://www.youtube.com/shorts/B9mmrVAlUOA,"[(""Walking"", 0:00-0:06)]",Unique,2.0,,,,,,,,,
Cat,https://www.youtube.com/shorts/ABGcNJKiIx4,"[(""Walking"", 0:03-0:07)]",Unique,4.0,V,,,,,,,,
Cat,https://www.youtube.com/shorts/UxrjCrxivyo,"[(""Walking"", 0:01-0:05)]",Unique,5.0,,,,,,,,,
Cat,https://www.youtube.com/shorts/3pBykXRUs9g,"[(""Sniffing"", 0:01-0:05)]",Unique,5.0,,,,,,,,,
Cat,https://www.youtube.com/shorts/yDhLnOg-uaU,"[(""Sniffing"",0:00-0:04)]",Unique,4.0,,,,,,,,,
Cat,https://www.youtube.com/watch?v=cUMjj0y31cc,"[(""Sniffing"", 0:01-0:07)]",Unique,3.0,,,,,,,,,
Cat,https://www.youtube.com/watch?v=wyAsjH76n5I,"[(""Sniffing"", 0:17-0:21)]",Unique,2.0,,,,,,,,,
Cat,https://www.youtube.com/watch?v=Q8ynsUc6l4s,"[(""Sniffing"", 0:00-0:07), (""Sniffing"", 1:04-1:08), (""Sniffing"", 1:12-1:20)]",Unique,3.0,,,,,,,,,
Cat,https://www.youtube.com/shorts/xG4KlztZlBE,"[(""Sniffing"", 0:08-0:12)]",Unique,1.0,,,,,,,,,
Cat,https://www.youtube.com/watch?v=R3-OqnDOyFc,"[(""Movement Disorder"", 0:00-0:05)]",Unique,5.0,,,,,,,,,
Cat,https://www.youtube.com/shorts/C-15ttuTAeA,"[(""Sniffing"", 0:02-0:06)]",Unique,5.0,V,,,,,,,,
Cat,http://youtube.com/watch?v=ZvM90bA-i-g,"[(""Sitting"", 0:51-1:20)]",Unique,5.0,,,,,,,,,
Cat,https://www.youtube.com/watch?v=Ov7pwUl2GOI,"[(""Standing(on all fours)"", 0:23-0:34), (""Lying"", 0:42-0:59)]",Unique,1.0,,,,,,,,,
Cat,https://www.youtube.com/shorts/HENZ742XTsc,"[(""Lying"", 0:00-0:08)]",Unique,5.0,,,,,,,,,
Cat,https://www.youtube.com/shorts/pnSBrReuzAw,"[(""Sitting"", 0:00-0:07)]",Unique,1.0,V,,,,,,,,
Cat,https://www.youtube.com/shorts/VB6i08FsyaU,"[(""Walking"", 0:03-0:08)]",Unique,1.0,,,,,,,,,
Cat,https://www.youtube.com/shorts/Wb6hlcIdSWs,"[(""Sitting"", 0:00-0:13)]",Unique,1.0,,,,,,,,,
Cat,https://www.youtube.com/watch?v=YSOaiaYvaVA,"[(""Lying"", 8:47-8:52)]",Unique,4.0,V,,,,,,,,
Cat,https://www.youtube.com/shorts/RBfnlSwc0U0,"[(""Sitting"", 0:00-0:10)]",Unique,1.0,,,,,,,,,
Cat,https://www.youtube.com/shorts/DkQahADEKWw,"[(""Lying"", 0:00-0:07)]",Unique,3.0,V,,,,,,,,
Cat,https://www.youtube.com/shorts/BqmzS9mYrjE,"[(""Sitting"", 0:00-0:05)]",Unique,5.0,V,,,,,,,,
Cat,https://www.youtube.com/shorts/zOpVSWlFFfM,"[(""Sitting"", 0:00-0:13)]",Unique,5.0,,,,,,,,,
Cat,https://www.youtube.com/shorts/A1bdXv_DGnI,"[(""Standing(on all fours)"", 0:00-0:07)]",Unique,2.0,,,,,,,,,
Cat,https://www.youtube.com/watch?v=mGIwWstcgp0,"[(""Standing(on all fours)"", 0:00-0:09)]",Unique,4.0,,,,,,,,,
Cat,https://www.youtube.com/watch?v=WA0W5YOMlEo,"[(""Sitting"", 2:09-2:18)], [(""Sitting"", 2:36-2:48)], [(""Lying"", 2:53-3:02)], [(""Lying"", 7:14-7:20), (""Lying"", 10:33-10:45)]",Unique,2.0,,,,,,,,,
Cat,https://www.youtube.com/shorts/FXRqAaolWKo,"[(""Standing(on all fours)"", 0:00-0:07)]",Unique,1.0,,,,,,,,,
Cat,https://www.youtube.com/shorts/LflsT1cjNe8,"[(""Vomiting"", 0:01-0:06)]",Unique,2.0,,,,,,,,,
Cat,https://www.youtube.com/shorts/w3UTeEpBx_k,"[(""Vomiting"", 0:03-0:17)]",Unique,2.0,,,,,,,,,
Cat,https://www.youtube.com/watch?v=RPxX8E4rczk,"[(""Vomiting"", 0:04-0:12)]",Unique,1.0,,,,,,,,,
Cat,https://www.youtube.com/watch?v=nZsWVrp1kzc,"[(""Vomiting"", 0:01-0:15)], [(""Vomiting"", 0:20-0:26)], [(""Vomiting"", 0:36-0:46)]",Unique,1.0,,,,,,,,,
Cat,https://www.youtube.com/shorts/-LBBiPaW4EA,"[(""Coughing"", 0:05-0:09)]",Unique,2.0,V,,,,,,,,
Cat,https://www.youtube.com/watch?v=ZY8NR9pdJL4,"[(""Coughing"", 0:01-0:34)]",Unique,1.0,,,,,,,,,
Cat,https://www.youtube.com/watch?v=bDcagB8FDaM,"[(""Sniffing"", 0:00-0:06), (""Walking"", 4:41-4:50)], [(""Walking"", 5:44-5:48)], [(""Walking"", 5:52-5:56)]",Unique,3.0,,,,,,,,,
Cat,https://www.youtube.com/watch?v=0jQUyKIchC4,"[(""Coughing"", 0:00-0:16)]",Unique,1.0,,,,,,,,,
Cat,https://www.youtube.com/shorts/Xj1TG9M7B5c,"[(""Coughing"", 0:06-0:16)]",Unique,5.0,,,,,,,,,
Cat,https://www.youtube.com/shorts/G6lozzXPigM,"[(""Vomiting"", 0:00-0:09)]",Unique,5.0,,,,,,,,,
Cat,https://www.youtube.com/watch?v=WwliFQELwy4,"[(""Coughing"", 0:00-0:04)]",Unique,1.0,V,,,,,,,,
Cat,https://www.youtube.com/watch?v=3yWbFZa9QNw,"[(""Coughing"", 0:05-0:12)]",Unique,5.0,,,,,,,,,
Cat,https://www.youtube.com/shorts/DU_-EREBw4I,"[(""Movement Disorder"", 0:00-0:10)]",Unique,4.0,V,,,,,,,,
Cat,https://www.youtube.com/watch?v=cO-GWFcThJo,"[(""Standing(bipedal)"", 0:17-0:22)], [(""Standing(bipedal)"", 0:23-0:30)], [(""Standing(bipedal)"", 0:35-0:49)], [(""Standing(bipedal)"", 0:53-1:00)], [(""Standing(bipedal)"", 1:17-1:26)], [(""Standing(bipedal)"", 1:28-1:41)],[(""Standing(bipedal)"", 1:43-1:51)], [(""Standing(bipedal)"", 2:27-2:31)], [(""Standing(bipedal)"", 2:43-2:49)], [(""Standing(bipedal)"", 2:51-2:59)], [(""Standing(bipedal)"", 3:01-3:07)], [(""Standing(bipedal)"", 3:10-3:15)], [(""Standing(bipedal)"", 3:17-3:21)], [(""Standing(bipedal)"", 3:23-3:32)], [(""Standing(bipedal)"", 3:34-3:42)], [(""Standing(bipedal)"", 3:45-3:53)], [(""Standing(bipedal)"", 4:28-4:33)], [(""Standing(bipedal)"", 4:51-5:10)], [(""Standing(bipedal)"", 5:15-5:21), (""Standing(bipedal)"", 5:23-5:45)], [(""Standing(bipedal)"", 5:47-6:02)]",Unique,5.0,,,,,,,,,
Cat,https://www.youtube.com/shorts/nYQM_-SvuF4,"[(""Movement Disorder"", 0:12-0:20)]",Unique,3.0,,,,,,,,,
Cat,https://www.youtube.com/shorts/zgrSnNs8VLY,"[(""Movement Disorder"", 0:00-0:05)]",Unique,2.0,V,,,,,,,,
Cat,https://www.youtube.com/watch?v=4yZL6iL97yM,"[(""Movement Disorder"", 0:00-0:08)]",Unique,1.0,,,,,,,,,
Cat,https://www.youtube.com/shorts/wsPmJEdTyLk,"[(""Standing(bipedal)"", 0:00-0:04)]",Unique,1.0,V,,,,,,,,
Dog,https://www.youtube.com/watch?v=Ba5-izNEG6Q,"[(""Lying"", 0:00-0:05)]",Unique,3.0,,,,,,,,,
Dog,https://www.youtube.com/watch?v=9UZIu9Cntz8,"[(""Sniffing"", 0:18-0:26)]",Unique,3.0,,,,,,,,,
Dog,https://www.youtube.com/watch?v=NWQ7QIdjaXU,"[(""Sniffing"", 0:04-0:07)]",Unique,3.0,,,,,,,,,
Dog,https://www.youtube.com/shorts/HOXdGN8pMas,"[(""Standing(bipedal)"", 0:01-0:10)]",Unique,3.0,,,,,,,,,
Cat,https://www.youtube.com/shorts/urcJnm-DsbI,"[(""Standing(bipedal)"", 0:00-0:33)]",Unique,1.0,,,,,,,,,
Cat,https://www.youtube.com/shorts/kWJd2qN4a2A,"[(""Running"", 0:03-0:09)]",Unique,4.0,,,,,,,,,
Dog,https://www.youtube.com/watch?v=i63d-OlusbM,"[(""Standing(bipedal)"", 0:00-0:36)]",Unique,5.0,,,,,,,,,
Cat,https://www.youtube.com/watch?v=xrjN1cWrYN0,"[(""Sitting"", 1:16-1:20)], [(""Standing(bipedal)"", 1:41-1:47)], [(""Standing(bipedal)"", 2:10-2:32)], [(""Standing(bipedal)"", 2:54-3:37)], [(""Standing(bipedal)"", 3:50-4:05)], [(""Standing(bipedal)"", 4:15-4:16)]",Unique,4.0,,,,,,,,,
Cat,https://www.youtube.com/watch?v=ufqrEHQFcaQ,"[(""Lying"", 0:00-0:07)]",Unique,2.0,,,,,,,,,
Dog,https://www.youtube.com/watch?v=g1b5JLosuSk,"[(""Standing(bipedal)"", 0:00-0:40)]",Unique,1.0,,,,,,,,,
Dog,https://www.youtube.com/shorts/kH4QCvQa2FA,"[(""Standing(bipedal)"", 0:00-0:13)]",Unique,4.0,,,,,,,,,
Dog,https://www.youtube.com/shorts/M-cgXeXbfjY,"[(""Standing(bipedal)"", 0:00-0:38)]",Unique,2.0,,,,,,,,,
Cat,https://www.youtube.com/shorts/5un_GuUTmDg,"[(""Running"", 0:00-0:05)]",Unique,3.0,,,,,,,,,
Dog,https://www.youtube.com/watch?v=prw-sGO3AAc,"[(""Coughing"", 0:00-0:04)]",Unique,2.0,,,,,,,,,
Dog,https://www.youtube.com/watch?v=_MLbWgz7y4w,"[(""Coughing"", 0:00-0:16)]",Unique,4.0,,,,,,,,,
Dog,https://www.youtube.com/watch?v=eAvkU1zBGBc,"[(""Coughing"", 0:21-0:31), (""Coughing"", 0:40-0:46)]",Unique,3.0,,,,,,,,,
Dog,https://www.youtube.com/watch?v=Mxm4UOSTCH4,"[(""Movement Disorder"", 0:05-0:14)]",Unique,4.0,,,,,,,,,
Cat,https://www.youtube.com/shorts/WEFI-O8RMGU,"[(""Standing(bipedal)"", 0:00-0:05)]",Unique,2.0,V,,,,,,,,
Cat,https://www.youtube.com/watch?v=vHgh_DVl-TU,"[(""Standing(bipedal)"", 0:03-0:30)]",Unique,2.0,,,,,,,,,
Cat,https://www.youtube.com/shorts/eijlERY-IS0,"[(""Walking"", 0:04-0:13)]",Unique,3.0,,,,,,,,,
Cat,https://www.youtube.com/shorts/NnLZYT104d8,"[(""Walking"", 0:03-0:07)]",Unique,2.0,V,,,,,,,,
Cat,https://www.youtube.com/shorts/nojPqDRvSPE,"[(""Standing(on all fours)"", 0:10-0:17)]",Unique,5.0,,,,,,,,,
Cat,https://www.youtube.com/shorts/MNKPjvmxTrU,"[(""Standing(on all fours)"", 0:00-0:11)]",Unique,3.0,,,,,,,,,
Cat,https://www.youtube.com/watch?v=-xp3toexQRk,"[(""Coughing"", 0:17-0:36), (""Coughing"", 0:39-0:46), (""Coughing"", 0:56-1:08), (""Sitting"", 1:17-1:21)]",Unique,5.0,,,,,,,,,
Cat,https://www.youtube.com/watch?v=DieYcNQK1ts,"[(""Coughing"", 0:39-0:54), (""Coughing"", 1:12-1:18), (""Coughing"", 1:21-1:32), (""Coughing"", 1:35-1:51), (""Lying"", 3:14-3:19) ]",Unique,1.0,,,,,,,,,
Cat,https://www.youtube.com/watch?v=fucBkD0uSvM,"[(""Coughing"", 0:11-0:26)]",Unique,3.0,,,,,,,,,
Cat,https://www.youtube.com/shorts/Z0gxjLdgfcE,"[(""Movement Disorder"", 0:00-0:09)]",Unique,5.0,,,,,,,,,
Cat,https://www.youtube.com/shorts/DiKfLM9oZnQ,"[(""Movement Disorder"", 0:01-0:05)]",Unique,4.0,V,,,,,,,,
Cat,https://www.youtube.com/shorts/02ezGEQPV2M,"[(""Seizures"", 0:00-0:12)]",Unique,1.0,V,,,,,,,,
Dog,https://www.youtube.com/watch?v=PiOJpuoJ2bo,"[(""Lying"", 0:45-0:52)]",Unique,5.0,,,,,,,,,
Dog,https://www.youtube.com/shorts/YtD2alfS43A,"[(""Sniffing"", 0:00-0:05)]",Unique,4.0,V,,,,,,,,
Dog,https://www.youtube.com/shorts/F68NJA9Hcjc,"[(""Standing(on all fours)"", 0:00-0:05)]",Unique,3.0,,,,,,,,,
Cat,https://www.youtube.com/shorts/41kysZixTi4,"[(""Running"", 0:06-0:10)]",Unique,2.0,,,,,,,,,
Dog,https://www.youtube.com/watch?v=5to-VpoeIpc,"[(""Standing(on all fours)"", 3:03-3:09)]",Unique,2.0,,,,,,,,,
Dog,https://www.youtube.com/watch?v=Hv3JHhwE0xU,"[(""Sitting"", 1:57-2:04)]",Unique,3.0,,,,,,,,,
Dog,https://www.youtube.com/watch?v=kv3ML8ckmj8,"[(""Sniffing"", 3:29:49-3:29:54), (""Sniffing"", 3:30:02-3:30:10), (""Running"", 3:41:00-3:41:06), (""Standing(on all fours)"", 4:11:42-4:11:47)]",Unique,5.0,,,,,,,,,
Dog,https://www.youtube.com/watch?v=iucW5evsuLE,"[(""Running"", 43:36-43:44)]",Unique,1.0,,,,,,,,,
Dog,https://www.youtube.com/watch?v=roEFIIOozEo,"[(""Standing(bipedal)"", 0:02-0:07), (""Standing(bipedal)"", 00:10-00:16), (""Standing(on all fours)"", 05:52:27-05:52:34)]",Unique,4.0,,,,,,,,,
Cat,https://www.youtube.com/shorts/9il4mwQyrJY,"[(""Running"", 0:02-0:06)]",Unique,1.0,,,,,,,,,
Cat,https://www.youtube.com/shorts/AwS4amFSoO0,"[(""Walking"", 0:01-0:14)]",Unique,4.0,,,,,,,,,
Cat,https://www.youtube.com/shorts/1b85SvxwDg0,"[(""Walking"", 0:00-0:04), (""Standing(on all fours)"", 0:06-0:17), (""Walking"", 0:19-0:25)]",Unique,2.0,,,,,,,,,
Cat,https://www.youtube.com/shorts/Wsk41J2l4Fs,"[(""Walking"", 0:00-0:06), (""Walking"", 0:14-0:30)]",Unique,3.0,,,,,,,,,
Cat,https://www.youtube.com/watch?v=UbMPi4N-YEI,"[(""Standing(on all fours)"", 0:00-0:06), (""Walking"", 0:08-0:14), (""Walking"", 0:35-0:56)]",Unique,3.0,,,,,,,,,
Cat,https://www.youtube.com/watch?v=39Vxs-GzpHA,"[(""Walking"", 0:00-0:05), (""Walking"", 0:07-0:12)]",Unique,1.0,V,,,,,,,,
Cat,https://www.youtube.com/watch?v=e5KhJblMsmo,"[(""Walking"", 1:28-1:39), (""Standing(on all fours)"", 1:40-1:44), (""Walking"", 1:59-2:18), (""Walking"", 2:29-2:37)]",Unique,4.0,,,,,,,,,
Cat,https://www.youtube.com/shorts/T_ycTqK66ho,"[(""Running"", 0:00-0:05)]",Unique,3.0,,,,,,,,,
Cat,https://www.youtube.com/shorts/gKWeUBCcpA4,"[(""Running"", 0:05-0:09)]",Unique,4.0,,,,,,,,,
Cat,https://www.youtube.com/shorts/38vmbqTv9BQ,"[(""Walking"", 0:00-0:15)]",Unique,2.0,,,,,,,,,
Cat,https://www.youtube.com/watch?v=30w8sMSi8vw,"[(""Running"", 0:00-0:09)]",Unique,5.0,,,,,,,,,
Cat,https://www.youtube.com/shorts/CwcQa5jL90k,"[(""Running"", 0:00-0:04)]",Unique,3.0,,,,,,,,,
Cat,https://www.youtube.com/shorts/pGiPhlp5b7Y,"[(""Walking"", 0:00-0:13)]",Unique,5.0,,,,,,,,,
Cat,https://www.youtube.com/shorts/lKdYnq6ztGQ,"[(""Walking"", 0:00-0:05)]",Unique,3.0,V,,,,,,,,
Cat,https://www.youtube.com/shorts/NigexDU3JoE,"[(""Walking"", 0:00-0:15)]",Unique,3.0,,,,,,,,,
Cat,https://www.youtube.com/watch?v=TuKuHCXELIg,"[(""Walking"", 0:00-0:27)]",Unique,4.0,,,,,,,,,
Cat,http://youtube.com/shorts/o_cWUFE4SiA,"[(""Standing(on all fours)"", 0:01-0:14)]",Unique,2.0,,,,,,,,,
Cat,https://www.youtube.com/shorts/OKpaPU_OBBo,"[(""Standing(on all fours)"", 0:07-0:15)]",Unique,4.0,,,,,,,,,
Dog,https://www.youtube.com/shorts/43NeUvr0i2I,"[(""Running"", 0:03-0:08), (""Running"", 0:10-0:15), (""Running"", 0:17-0:30)]",Unique,1.0,,,,,,,,,
Dog,https://www.youtube.com/watch?v=MmBleFUkqYM,"[(""Running"", 0:10-0:18)]",Unique,5.0,,,,,,,,,
Dog,https://www.youtube.com/shorts/PP-VsOuP1KI,"[(""Running"", 0:00-0:13)]",Unique,4.0,,,,,,,,,
Dog,https://www.youtube.com/shorts/8TnxbOAQbFo,"[(""Running"", 0:00-0:14)]",Unique,5.0,,,,,,,,,
Dog,https://www.youtube.com/watch?v=ZlK1xwIvWF4,"[(""Walking"", 0:00-0:06), (""Walking"", 0:14-0:20)]",Unique,1.0,,,,,,,,,
Dog,https://www.youtube.com/shorts/0_KUY7QmrOY,"[(""Walking"", 0:00-0:06), (""Walking"", 0:09-0:13), (""Walking"", 0:15-0:24)]",Unique,2.0,,,,,,,,,
Dog,https://www.youtube.com/watch?v=YM_H_ObVICo,"[(""Walking"", 0:00-0:06), (""Walking"", 1:12-1:19), (""Walking"", 2:08-2:14), (""Walking"", 2:17-2:21), (""Walking"", 2:27-2:31), (""Walking"", 2:48-2:59), (""Walking"", 3:10-3:19), (""Walking"", 3:53-4:10)]",Unique,2.0,,,,,,,,,
Dog,https://www.youtube.com/shorts/U5vSPhQJtzQ,"[(""Running"", 0:01-0:06)]",Unique,4.0,V,,,,,,,,
Dog,https://www.youtube.com/shorts/OIaPwZsostA,"[(""Running"", 0:00-0:22)]",Unique,3.0,,,,,,,,,
Dog,https://www.youtube.com/watch?v=AS4A3j4s3Bg,"[(""Running"", 0:00-0:16)]",Unique,4.0,,,,,,,,,
Dog,https://www.youtube.com/watch?v=uqXAh1e7mO8,"[(""Running"", 0:06-0:11)]",Unique,3.0,,,,,,,,,
Dog,https://www.youtube.com/watch?v=I9-Rdr_eaHk,"[(""Standing(on all fours)"", 0:29-0:38)]",Unique,1.0,,,,,,,,,
Dog,https://www.youtube.com/shorts/gvC_601vPZw,"[(""Standing(bipedal)"", 0:08-0:19)]",Unique,5.0,,,,,,,,,
Dog,https://www.youtube.com/shorts/-nBGEQGd70E,"[(""Running"", 0:01-0:10)]",Unique,3.0,,,,,,,,,
Dog,https://www.youtube.com/shorts/zYKxpVjG-sA,"[(""Running"", 0:05-0:09)]",Unique,2.0,,,,,,,,,
Dog,https://www.youtube.com/shorts/-8mm3xFztF0,"[(""Running"", 0:00-0:06)]",Unique,1.0,,,,,,,,,
Dog,https://www.youtube.com/shorts/Vr3GBU0alok,"[(""Running"", 0:08-0:13)]",Unique,5.0,,,,,,,,,
Dog,https://www.youtube.com/shorts/MqPaQ_veIrg,"[(""Running"", 0:00-0:08)]",Unique,4.0,,,,,,,,,
Dog,https://www.youtube.com/watch?v=fv-VhTBCDVY,"[(""Running"", 2:11-2:16)]",Unique,4.0,,,,,,,,,
Dog,https://www.youtube.com/watch?v=s-kL9Xdj0js,"[(""Running"", 0:03-0:09)]",Unique,3.0,V,,,,,,,,
Dog,https://www.youtube.com/shorts/1Z9HJAnNdDs,"[(""Running"", 0:00-0:10)]",Unique,2.0,,,,,,,,,
Dog,https://www.youtube.com/watch?v=_vbhmmb1WzI,"[(""Running"", 2:49-2:53), (""Running"", 3:00-3:16), (""Running"" 3:22-3:30), (""Standing(on all fours)"", 4:30-4:35), (""Running"" 4:51-4:57), (""Running"" 5:32-5:41), (""Running"" 5:57-6:03)]",Unique,4.0,,,,,,,,,
Dog,https://www.youtube.com/watch?v=xUTUKRz8mBo,"[(""Sniffing"", 0:00-0:05), (""Standing(on all fours)"", 0:08-0:12), (""Sniffing"", 0:13-0:17), (""Walking"", 0:21-0:28), (""Standing(on all fours)"", 0:57-1:04), (""Sniffing"", 1:07-1:15), (""Sniffing"", 1:26-1:30)]",Unique,5.0,,,,,,,,,
Dog,https://www.youtube.com/shorts/AbiXmaA3H8s,"[(""Sniffing"", 0:01-0:06)]",Unique,5.0,V,,,,,,,,
Cat,https://www.youtube.com/shorts/--XxxuQLyt4,"[(""Sniffing"", 0:03-0:15)]",Unique,4.0,,,,,,,,,
Dog,https://www.youtube.com/watch?v=WWADgI6jESg,"[(""Sniffing"", 0:20-0:27), (""Sniffing"", 1:01-1:11), (""Sniffing"", 1:38-1:54), (""Sniffing"", 1:59-2:11)]",Unique,1.0,,,,,,,,,
Dog,https://www.youtube.com/watch?v=KoNSuz3l0Ow,"[(""Sniffing"", 0:45-0:50)]",Unique,1.0,V,,,,,,,,
Dog,https://www.youtube.com/shorts/7kYaA1Gdei8,"[(""Sniffing"", 0:04-0:08)]",Unique,2.0,,,,,,,,,
Dog,https://www.youtube.com/watch?v=r389F527lBk,"[(""Sniffing"", 0:47-0:59), (""Sniffing"", 1:18-1:40)]",Unique,2.0,,,,,,,,,
Dog,https://www.youtube.com/shorts/kzV9umCI1SM,"[(""Seizures"", 0:02-0:06), (""Seizures"", 0:08-0:29)]",Unique,5.0,,,,,,,,,
Dog,https://www.youtube.com/shorts/TcKXvLbW1M4,"[(""Movement Disorder"", 0:06-0:16)]",Unique,3.0,,,,,,,,,
Dog,https://www.youtube.com/watch?v=j2FieWco3Cg,"[(""Seizures"", 0:00-0:12)]",Unique,4.0,V,,,,,,,,
Dog,https://www.youtube.com/watch?v=WxO8zDjSJwA,"[(""Lying"", 0:00-0:05)]",Unique,2.0,V,,,,,,,,
Dog,https://www.youtube.com/watch?v=aV7KARRxvtY,"[(""Seizures"", 0:00-0:13), (""Movement Disorder"", 0:24-0:37)]",Unique,3.0,,,,,,,,,
Dog,https://www.youtube.com/shorts/IirZY-pySS8,"[(""Seizures"", 0:00-0:12)]",Unique,5.0,V,,,,,,,,
Dog,https://www.youtube.com/shorts/IaHfx-C9-Qc,"[(""Sitting"", 0:02-0:06)]",Unique,4.0,,,,,,,,,
Dog,https://www.youtube.com/shorts/OkhzPXwyrY8,"[(""Sitting"", 0:04-0:10)]",Unique,5.0,,,,,,,,,
Cat,https://www.youtube.com/shorts/nuhQCdAJQNs,"[(""Seizures"", 0:00-0:14)], [(""Seizures"", 0:20-0:35)]",Unique,1.0,,,,,,,,,
Dog,https://www.youtube.com/shorts/DsHmtns8M7c,"[(""Movement Disorder"", 0:00-0:04)]",Unique,2.0,V,,,,,,,,
Dog,https://www.youtube.com/shorts/lu2s0e95_RE,"[(""Movement Disorder"", 0:03-0:12)]",Unique,5.0,,,,,,,,,
Dog,https://www.youtube.com/watch?v=4YvzWR3PxMY,"[(""Seizures"", 0:36-0:58), (""Seizures"", 1:05-1:51)]",Unique,3.0,,,,,,,,,
Dog,https://www.youtube.com/watch?v=xVQTYrqSx6Y,"[(""Seizures"", 0:00-0:08)]",Unique,3.0,,,,,,,,,
Dog,https://www.youtube.com/shorts/B_QgQpseOfA,"[(""Seizures"", 0:03-0:15)]",Unique,4.0,V,,,,,,,,
Dog,https://www.youtube.com/shorts/TBfO16pqj5U,"[(""Standing(on all fours)"", 0:02-0:12), (""Sitting"", 0:15-0:24), (""Sitting"", 0:29-0:33)]",Unique,4.0,,,,,,,,,
Dog,https://www.youtube.com/watch?v=_A6sYGfqFRI,"[(""Movement Disorder"", 0:06-0:13), (""Movement Disorder"", 0:15-0:20)]",Unique,4.0,,,,,,,,,
Dog,https://www.youtube.com/shorts/Q3LAFIb-dBc,"[(""Movement Disorder"", 0:00-0:13)]",Unique,3.0,,,,,,,,,
Dog,https://www.youtube.com/shorts/fzWeYy6DQv0,"[(""Lying"", 0:14-0:20)]",Unique,4.0,V,,,,,,,,
Dog,https://www.youtube.com/shorts/kOJMUA_TRFw,"[(""Seizures"", 0:20-0:34)]",Unique,3.0,,,,,,,,,
Dog,https://www.youtube.com/watch?v=Lf6lrQBk4yQ,"[(""Seizures"", 0:09-0:30), (""Lying"", 0:42-0:52)]",Unique,5.0,,,,,,,,,
Dog,https://www.youtube.com/watch?v=QjsIqTzAss8,"[(""Lying"", 0:42-1:26), (""Lying"", 1:45-2:20), (""Seizures"", 5:38-5:43)]",Unique,1.0,,,,,,,,,
Dog,https://www.youtube.com/shorts/Hcc_xH-YkFU,"[(""Lying"", 0:00-0:21)]",Unique,4.0,,,,,,,,,
Dog,https://www.youtube.com/shorts/dvUces3-FNg,"[(""Seizures"", 0:00-0:17)]",Unique,2.0,,,,,,,,,
Dog,https://www.youtube.com/shorts/jtXINWn588g,"[(""Seizures"", 0:01-0:07)]",Unique,2.0,,,,,,,,,
Dog,https://www.youtube.com/shorts/llyRuWxL_8I,"[(""Lying"", 0:02-0:07)]",Unique,1.0,V,,,,,,,,
Dog,https://www.youtube.com/shorts/iwiJbx4Htdc,"[(""Seizures"", 0:00-0:14)]",Unique,3.0,,,,,,,,,
Dog,https://www.youtube.com/shorts/P6SGMLmfP2w,"[(""Standing(on all fours)"", 0:00-0:07)]",Unique,1.0,,,,,,,,,
Dog,https://www.youtube.com/watch?v=ehiT1wvAfSE,"[(""Standing(on all fours)"", 3:35-3:39), (""Sitting"", 3:49-4:02), (""Lying"", 4:13-4:18), (""Lying"", 6:58-7:31)]",Unique,2.0,,,,,,,,,
Dog,https://www.youtube.com/watch?v=Xx_iyMmR-dk,"[(""Seizures"", 2:10-2:37), (""Seizures"", 4:05-4:25)]",Unique,2.0,,,,,,,,,
Dog,https://www.youtube.com/shorts/8jeAMoKgUcw,"[(""Vomiting"", 0:01-0:12)]",Unique,4.0,,,,,,,,,
Dog,https://www.youtube.com/shorts/DB13PWbgSgs,"[(""Vomiting"", 0:00-0:10)]",Unique,3.0,,,,,,,,,
Dog,https://www.youtube.com/shorts/JrR3OcduEi4,"[(""Vomiting"", 0:07-0:14)]",Unique,2.0,V,,,,,,,,
Dog,https://www.youtube.com/watch?v=6NwJyilo7zE,"[(""Sniffing"", 3:18-3:30)]",Unique,4.0,,,,,,,,,
Dog,https://www.youtube.com/shorts/XouvArHUjc8,"[(""Lying"", 0:00-0:35)]",Unique,3.0,,,,,,,,,
Dog,https://www.youtube.com/shorts/eyFx1boq_zA,"[(""Vomiting"", 0:00-0:06)]",Unique,1.0,,,,,,,,,
Dog,https://www.youtube.com/shorts/Up40i-z2xIA,"[(""Standing(on all fours)"", 0:00-0:13), (""Vomiting"", 0:24-0:29)]",Unique,3.0,,,,,,,,,
Dog,https://www.youtube.com/watch?v=Mt7XlxC_-do,"[(""Vomiting"", 0:10-0:18)]",Unique,5.0,,,,,,,,,
Dog,https://www.youtube.com/watch?v=wREPEHaMMsA,"[(""Vomiting"", 1:00-1:10)]",Unique,4.0,,,,,,,,,
Cat,https://www.youtube.com/watch?v=JNvZEyGjCgo,"[(""Vomiting"", 1:51-2:01)]",Unique,4.0,,,,,,,,,
Dog,https://www.youtube.com/watch?v=uUHEo9bTHMM,"[(""Vomiting"", 0:00-0:18)]",Unique,5.0,,,,,,,,,
Dog,https://www.youtube.com/watch?v=2BXhejA5N_0,"[(""Standing(on all fours)"", 0:00-0:07), (""Vomiting"", 0:29-0:42)]",Unique,4.0,,,,,,,,,
Dog,https://www.youtube.com/watch?v=_orGFnsKhFk,"[(""Vomiting"", 0:27-0:36)]",Unique,3.0,,,,,,,,,
Dog,https://www.youtube.com/shorts/WUtVnZgOAY0,"[(""Lying"", 0:01-0:13)]",Unique,3.0,,,,,,,,,
Dog,https://www.youtube.com/watch?v=9HZkTfS7HJ4,"[(""Vomiting"", 0:00-0:15)]",Unique,4.0,,,,,,,,,
Dog,https://www.youtube.com/shorts/_C8W06se_Ts,"[(""Standing(on all fours)"", 0:00-0:10)]",Unique,4.0,,,,,,,,,
Dog,https://www.youtube.com/shorts/j7Rdd6dvZJw,"[(""Vomiting"", 0:00-0:05)]",Unique,2.0,V,,,,,,,,
Dog,https://www.youtube.com/watch?v=VNwb82PKREE,"[(""Vomiting"", 0:29-0:35)]",Unique,1.0,,,,,,,,,
Cat,https://www.youtube.com/watch?v=oyffjrm5mNk,"[(""Vomiting"", 0:06-0:10)]",Unique,3.0,V,,,,,,,,
Dog,https://www.youtube.com/shorts/7Fek9CyIX40,"[(""Vomiting"", 0:00-0:05)]",Unique,5.0,,,,,,,,,
Cat,https://www.youtube.com/watch?v=src8fTIRG7c,"[(""Vomiting"", 0:06-0:18)]",Unique,2.0,,,,,,,,,
Cat,https://www.youtube.com/shorts/8E-nQnbi7Ek,"[(""Vomiting"", 0:00-0:19)]",Unique,4.0,,,,,,,,,
Cat,https://www.youtube.com/watch?v=LOvgrL1riVU,"[(""Vomiting"", 0:00-0:30)]",Unique,5.0,,,,,,,,,
Cat,https://www.youtube.com/shorts/nxA12EAKxdQ,"[(""Vomiting"", 0:02-0:08)]",Unique,1.0,,,,,,,,,
Cat,https://www.youtube.com/watch?v=RMoFdSD49VE,"[(""Vomiting"", 0:00-0:13)], [(""Vomiting"", 0:34-0:38)], [(""Vomiting"", 1:01-1:05)]",Unique,5.0,,,,,,,,,
Dog,https://www.youtube.com/watch?v=d9i_fkO2GBA,"[(""Vomiting"", 0:00-0:09)]",Unique,4.0,,,,,,,,,
Dog,https://www.youtube.com/watch?v=DYNro3_rC60,"[(""Vomiting"", 0:10-0:18)]",Unique,3.0,,,,,,,,,
Cat,https://www.youtube.com/watch?v=srRcVBYp0Zc,"[(""Standing(on all fours)"", 0:02-0:06), (""Vomiting"", 0:16-0:20)]",Unique,5.0,,,,,,,,,
Dog,https://www.youtube.com/watch?v=IdmMPJWW64g,"[(""Vomiting"", 0:06-0:36)]",Unique,3.0,,,,,,,,,
Dog,https://www.youtube.com/watch?v=zMFZSQ9dxjQ,"[(""Vomiting"", 0:00-0:26)]",Unique,4.0,,,,,,,,,
Dog,https://www.youtube.com/shorts/hjwU9u27npc,"[(""Vomiting"", 0:00-0:20)]",Unique,3.0,,,,,,,,,
Dog,https://www.youtube.com/watch?v=FENWf3UmQEc,"[(""Standing(on all fours)"", 1:03-1:07), (""Vomiting"", 1:57-2:32)]",Unique,5.0,,,,,,,,,
Dog,https://www.youtube.com/shorts/s5MGDsJy1LI,"[(""Vomiting"", 0:01-0:18)]",Unique,2.0,,,,,,,,,
Dog,https://www.youtube.com/shorts/MJbMpqxMCZw,"[(""Standing(bipedal)"", 0:00-0:13)]",Unique,1.0,,,,,,,,,
Dog,https://www.youtube.com/watch?v=S_jQa7pcTxc,"[(""Standing(bipedal)"", 0:29-0:34), (""Standing(bipedal)"", 0:36-0:40)]",Unique,2.0,,,,,,,,,
Dog,https://www.youtube.com/watch?v=hyBO7ovAeH4,"[(""Standing(bipedal)"", 0:09-0:17)]",Unique,3.0,,,,,,,,,
Dog,https://www.youtube.com/shorts/KM6JqQmxkpc,"[(""Standing(bipedal)"", 0:00-0:06)]",Unique,2.0,V,,,,,,,,
Dog,https://www.youtube.com/shorts/FQkbjf_XkrM,"[(""Standing(bipedal)"", 0:21-0:25)]",Unique,1.0,,,,,,,,,
Dog,https://www.youtube.com/watch?v=igySghhyHP8,"[(""Standing(bipedal)"", 0:00-0:22)]",Unique,3.0,,,,,,,,,
Dog,https://www.youtube.com/shorts/jMuxIq3fntk,"[(""Standing(bipedal)"", 0:01-0:07)]",Unique,5.0,,,,,,,,,
Dog,https://www.youtube.com/watch?v=z_yYsixZ_nw,"[(""Standing(bipedal)"", 0:52-1:09)]",Unique,2.0,,,,,,,,,
Dog,https://www.youtube.com/shorts/ZctPOye5tgU,"[(""Standing(bipedal)"", 0:00-0:04)]",Unique,4.0,,,,,,,,,
Dog,https://www.youtube.com/shorts/XeTdfO-3_is,"[(""Standing(bipedal)"", 0:00-0:07)]",Unique,3.0,,,,,,,,,
Dog,https://www.youtube.com/watch?v=-CPAV9nrSEU,"[(""Standing(bipedal)"", 0:01-0:06)]",Unique,2.0,V,,,,,,,,
Dog,https://www.youtube.com/shorts/6g9CRMWVDz0,"[(""Standing(bipedal)"", 0:00-0:13)]",Unique,4.0,,,,,,,,,
Dog,https://www.youtube.com/shorts/_gANb7xOxWM,"[(""Standing(bipedal)"", 0:00-0:05)]",Unique,1.0,,,,,,,,,
Dog,https://www.youtube.com/shorts/H-h4GW3US4s,"[(""Standing(bipedal)"", 0:00-0:09)]",Unique,5.0,,,,,,,,,
Dog,https://www.youtube.com/shorts/yf33SpPMYa4,"[(""Standing(bipedal)"", 0:00-0:11)]",Unique,1.0,,,,,,,,,
Dog,https://www.youtube.com/shorts/5kjGZzowtsw,"[(""Standing(bipedal)"", 0:01-0:05)]",Unique,5.0,V,,,,,,,,
Dog,https://www.youtube.com/shorts/Rc-JCgn0Y7c,"[(""Standing(bipedal)"", 0:00-0:05)]",Unique,4.0,V,,,,,,,,
Dog,https://www.youtube.com/shorts/SixtSBdoQEI,"[(""Standing(bipedal)"", 0:04-0:11), [(""Standing(bipedal)"", 0:20-0:31)]]",Unique,1.0,,,,,,,,,
Dog,https://www.youtube.com/shorts/uMgG-hnxZH8,"[(""Standing(bipedal)"", 0:00-0:07)]",Unique,3.0,,,,,,,,,
Dog,https://www.youtube.com/shorts/lqhfORPYxlk,"[(""Standing(bipedal)"", 0:00-0:42)]",Unique,3.0,,,,,,,,,
Dog,https://www.youtube.com/watch?v=838aGoL7WW4,"[(""Coughing"", 0:12-0:16), (""Coughing"", 0:20-0:24), (""Coughing"", 0:35-0:48)]",Unique,2.0,,,,,,,,,
Dog,https://www.youtube.com/shorts/F76na00cnxo,"[(""Coughing"", 0:00-0:26)]",Unique,1.0,,,,,,,,,
Dog,https://www.youtube.com/shorts/u8qGYVVD2F0,"[(""Coughing"", 0:00-0:04)]",Unique,1.0,V,,,,,,,,
Dog,https://www.youtube.com/shorts/30YSNPfhqfg,"[(""Coughing"", 0:09-0:19)]",Unique,5.0,,,,,,,,,
Cat,https://www.youtube.com/shorts/5zuGBUeju4w,"[(""Coughing"", 0:00-0:06)]",Unique,4.0,,,,,,,,,
Cat,https://www.youtube.com/shorts/ByRQrZO6d58,"[(""Coughing"", 0:00-0:11)]",Unique,4.0,,,,,,,,,
Cat,https://www.youtube.com/shorts/g62MP6yqTKs,"[(""Coughing"", 0:00-0:04)]",Unique,3.0,V,,,,,,,,
Cat,https://www.youtube.com/shorts/GDqJQPgu36k,"[(""Coughing"", 0:00-0:11)]",Unique,3.0,,,,,,,,,
Cat,https://www.youtube.com/watch?v=WSqwnXyJlcM,"[(""Coughing"", 0:02-0:08)]",Unique,2.0,,,,,,,,,
Cat,https://www.youtube.com/shorts/hDRcbAk4pYM,"[(""Coughing"", 0:04-0:12)]",Unique,1.0,,,,,,,,,
Cat,https://www.youtube.com/shorts/wSSj51yMdQM,"[(""Coughing"", 0:00-0:04)]",Unique,5.0,,,,,,,,,
Cat,https://www.youtube.com/watch?v=9YQ-PPlFZTY,"[(""Coughing"", 0:00-0:10)]",Unique,2.0,,,,,,,,,
Cat,https://www.youtube.com/watch?v=_YcA8Pk5K4Q,"[(""Coughing"", 0:51-1:04)]",Unique,2.0,,,,,,,,,
Cat,https://www.youtube.com/watch?v=WG7jwEXS6Go,"[(""Coughing"", 0:19-0:28), (""Coughing"", 0:31-0:39), (""Coughing"", 1:06-1:10), (""Coughing"", 1:18-1:23), (""Coughing"", 2:23-2:29)]",Unique,4.0,,,,,,,,,
Cat,https://www.youtube.com/watch?v=3dG8zjnv2RQ,"[(""Coughing"", 0:00-0:09), (""Coughing"", 0:19-0:24)]",Unique,1.0,,,,,,,,,
Dog,https://www.youtube.com/watch?v=uN3RpoU0qXw,"[(""Coughing"", 0:00-0:04)]",Unique,4.0,,,,,,,,,
Dog,https://www.youtube.com/shorts/6KdvqdTN_pQ,"[(""Movement Disorder"", 0:00-0:04)]",Unique,2.0,,,,,,,,,
Dog,https://www.youtube.com/watch?v=kJRr7zkZGRQ,"[(""Movement Disorder"", 0:02-0:11)]",Unique,5.0,,,,,,,,,
Dog,https://www.youtube.com/shorts/VOkwBZdzAcw,"[(""Movement Disorder"", 0:00-0:08)]",Unique,4.0,,,,,,,,,
Dog,https://www.youtube.com/shorts/1hdRvrlFgH8,"[(""Movement Disorder"", 0:00-0:06)]",Unique,3.0,V,,,,,,,,
Dog,https://www.youtube.com/shorts/Rl1MfAYnCiM,"[(""Movement Disorder"", 0:03-0:19)]",Unique,3.0,,,,,,,,,
Dog,https://www.youtube.com/shorts/lyaX5seaFfc,"[(""Movement Disorder"", 0:01-0:20)]",Unique,5.0,,,,,,,,,
Dog,https://www.youtube.com/shorts/gfhcSTnjYE4,"[(""Movement Disorder"", 0:00-0:04)]",Unique,2.0,,,,,,,,,
Dog,https://www.youtube.com/shorts/3cXRHYwgXhg,"[(""Movement Disorder"", 0:00-0:04)]",Unique,5.0,V,,,,,,,,
Dog,https://www.youtube.com/shorts/nXrP_8jkey0,"[(""Movement Disorder"", 0:00-0:05)]",Unique,4.0,,,,,,,,,
Dog,https://www.youtube.com/shorts/8hwBSQbs_yI,"[(""Sitting"", 0:00-0:09)]",Unique,1.0,,,,,,,,,
Dog,https://www.youtube.com/shorts/jeHl8isHZfE,"[(""Movement Disorder"", 0:19-0:43)]",Unique,4.0,,,,,,,,,
Dog,https://www.youtube.com/shorts/ZazR4batUUQ,"[(""Movement Disorder"", 0:07-0:17)]",Unique,3.0,,,,,,,,,
Dog,https://www.youtube.com/shorts/498Cw8tBh4Y,"[(""Sitting"", 0:02-0:07)]",Unique,5.0,,,,,,,,,
Dog,https://www.youtube.com/watch?v=N7pw9p9IKrs,"[(""Movement Disorder"", 0:00-0:07)]",Unique,2.0,V,,,,,,,,
Dog,https://www.youtube.com/shorts/PPj21Chh3_A,"[(""Movement Disorder"", 0:02-0:06)]",Unique,5.0,,,,,,,,,
Cat,https://www.youtube.com/shorts/Ih3jUCvQDds,"[(""Sniffing"", 0:00-0:04)]",Unique,4.0,V,,,,,,,,
Cat,https://www.youtube.com/watch?v=RyPuFT83NBc,"[(""Sniffing"", 0:00-0:15), (""Sniffing"", 0:19-0:24)]",Unique,5.0,,,,,,,,,
Cat,https://www.youtube.com/watch?v=lbfYsCTL4Rw,"[(""Sniffing"", 0:14-0:44), (""Sniffing"", 0:51-0:58)]",Unique,3.0,,,,,,,,,
Cat,https://www.youtube.com/watch?v=f8688SSFn6Y,"[(""Sniffing"", 0:00-0:10), (""Sniffing"", 0:45-0:52), (""Sniffing"", 1:03-1:08)]",Unique,4.0,,,,,,,,,
Cat,https://www.youtube.com/watch?v=BJeJjWNqE8Y,"[(""Sniffing"", 0:59-1:07), (""Sniffing"", 1:35-1:49)]",Unique,1.0,,,,,,,,,
Cat,https://www.youtube.com/shorts/SRRPg9cIJTg,"[(""Sniffing"", 0:14-0:22), (""Sniffing"", 0:25-0:37)]",Unique,5.0,,,,,,,,,
Cat,https://www.youtube.com/watch?v=gXRgYULSjfs,"[(""Lying"", 1:08-1:17)]",Unique,1.0,,,,,,,,,
Cat,https://www.youtube.com/shorts/UXb49YgEcpY,"[(""Sniffing"", 0:00-0:10)]",Unique,4.0,V,,,,,,,,
Cat,https://www.youtube.com/shorts/5T1BYZdiCJA,"[(""Sniffing"", 0:31-0:35), (""Sniffing"", 0:37-0:54)]",Unique,2.0,,,,,,,,,
Cat,https://www.youtube.com/shorts/dtgMzsagPKA,"[(""Vomiting"", 0:00-0:08)]",Unique,5.0,,,,,,,,,
Cat,https://www.youtube.com/shorts/6iXhi123HXQ,"[(""Sitting"", 0:00-0:08), (""Vomiting"", 0:14-0:18)]",Unique,1.0,,,,,,,,,
Cat,https://www.youtube.com/shorts/corZ2bxwhQ8,"[(""Vomiting"", 0:00-0:05)]",Unique,4.0,V,,,,,,,,
Cat,https://www.youtube.com/watch?v=6Upf1WQRSZ0,"[(""Coughing"", 0:00-0:09)]",Unique,1.0,,,,,,,,,
Cat,https://www.youtube.com/watch?v=rFGrckYXRHg,"[(""Vomiting"", 0:00-0:13)]",Unique,3.0,,,,,,,,,
Cat,https://www.youtube.com/watch?v=v_GxRTDh7bM,"[(""Vomiting"", 0:16-0:34)]",Unique,3.0,,,,,,,,,
Cat,https://www.youtube.com/shorts/S5uVpW-LrCY,"[(""Vomiting"", 0:00-0:12)]",Unique,2.0,,,,,,,,,
Cat,https://www.youtube.com/shorts/vfZ4jY9FHLs,"[(""Vomiting"", 0:06-0:14)]",Unique,1.0,,,,,,,,,
Cat,https://www.youtube.com/watch?v=3Fp_JbEVEac,"[(""Vomiting"", 0:00-0:05)]",Unique,5.0,V,,,,,,,,
Cat,https://www.youtube.com/shorts/GSaE2OXdCXs,"[(""Vomiting"", 0:00-0:05)]",Unique,4.0,V,,,,,,,,
Cat,https://www.youtube.com/shorts/Y5Fsi4mW6Ak,"[(""Vomiting"", 0:00-0:09)]",Unique,3.0,,,,,,,,,
Cat,https://www.youtube.com/shorts/bvH63qRr0Mc,"[(""Sitting"", 0:02-0:09)]",Unique,4.0,V,,,,,,,,
Cat,https://www.youtube.com/watch?v=iqxrng5xvGs,"[(""Lying"", 0:00-0:15)]",Unique,5.0,,,,,,,,,
Cat,http://youtube.com/shorts/RGrzqQrRmK8,"[(""Lying"", 0:00-0:07), (""Lying"", 0:14-0:24)]",Unique,5.0,,,,,,,,,
Cat,https://www.youtube.com/shorts/nOpXARmoSh8,"[(""Sitting"", 0:00-0:27)]",Unique,3.0,,,,,,,,,
Cat,https://www.youtube.com/shorts/sIIWnxl84SU,"[(""Sitting"", 0:00-0:30)]",Unique,3.0,,,,,,,,,
Cat,https://www.youtube.com/shorts/gB0YuYDLF30,"[(""Sitting"", 0:08-0:26)]",Unique,4.0,,,,,,,,,
Cat,https://www.youtube.com/shorts/DVKIh4jrmG4,"[(""Sitting"", 0:00-0:05)]",Unique,3.0,,,,,,,,,
Cat,https://www.youtube.com/shorts/zX0WYpJ_8cQ,"[(""Lying"", 0:00-0:05)]",Unique,4.0,V,,,,,,,,
Cat,https://www.youtube.com/shorts/SNMWHwi9Cb4,"[(""Lying"", 0:00-0:05)]",Unique,3.0,V,,,,,,,,
Cat,https://www.youtube.com/shorts/xOxSq0DabV4,"[(""Sitting"", 0:03-0:07)]",Unique,4.0,,,,,,,,,
Cat,https://www.youtube.com/watch?v=uOsyj9Mo_RY,"[(""Sitting"", 0:00-0:18), (""Sitting"", 1:31-2:00), (""Sitting"", 2:04-2:48)]",Unique,2.0,,,,,,,,,
Cat,https://www.youtube.com/watch?v=XZFEv1vSrIM,"[(""Lying"", 0:00-0:06), (""Lying"", 0:12-0:19)]",Unique,2.0,,,,,,,,,
Cat,https://www.youtube.com/watch?v=Z0EgGBWHr9U,"[(""Sitting"", 0:09-0:16), (""Sitting"", 0:23-0:31)], [(""Lying"", 0:49-0:56)]",Unique,2.0,,,,,,,,,
Cat,https://www.youtube.com/shorts/DCYhoG_4Afo,"[(""Sitting"", 0:05-0:09)]",Unique,1.0,,,,,,,,,
Cat,https://www.youtube.com/shorts/diSf4C06RC8,"[(""Sitting"", 0:00-0:08)]",Unique,5.0,V,,,,,,,,
Cat,https://www.youtube.com/shorts/c11CI9nrNT8,"[(""Sitting"", 0:02-0:07)]",Unique,4.0,V,,,,,,,,
Cat,https://www.youtube.com/shorts/UwjUXo5iNZ0,"[(""Running"", 0:00-0:05)]",Unique,2.0,,,,,,,,,
Cat,https://www.youtube.com/shorts/_U0V7OJ3kTQ,"[(""Standing(on all fours)"", 0:00-0:16)]",Unique,1.0,,,,,,,,,
Cat,https://www.youtube.com/shorts/3Tbw8mHsmgw,"[(""Standing(on all fours)"", 0:02-0:06)]",Unique,3.0,V,,,,,,,,
Cat,https://www.youtube.com/watch?v=9groKjbMV8E,"[(""Running"", 0:00-0:16)]",Unique,4.0,,,,,,,,,
Cat,https://www.youtube.com/watch?v=X6lbz236GsA,"[(""Running"", 0:20-0:33)]",Unique,3.0,,,,,,,,,
Cat,https://www.youtube.com/shorts/a-GYGCdkBbs,"[(""Standing(on all fours)"", 0:00-0:09)]",Unique,1.0,,,,,,,,,
Cat,https://www.youtube.com/shorts/qXzssnHL1Q0,"[(""Standing(bipedal)"", 0:00-0:05)]",Unique,3.0,V,,,,,,,,
Cat,https://www.youtube.com/shorts/dOU82awD-mE,"[(""Standing(on all fours)"", 0:05-0:10), (""Standing(bipedal)"", 0:13-0:26)]",Unique,2.0,,,,,,,,,
Cat,https://www.youtube.com/shorts/jipL1oDD8g4,"[(""Standing(bipedal)"", 0:08-0:34)]",Unique,3.0,,,,,,,,,
Cat,https://www.youtube.com/shorts/IkML5PJHVSk,"[(""Standing(bipedal)"", 0:04-0:08), (""Standing(bipedal)"", 0:12-0:18), (""Standing(bipedal)"", 0:20-0:52)]",Unique,3.0,,,,,,,,,
Cat,https://www.youtube.com/watch?v=A_XsDHGjOxk,"[(""Standing(on all fours)"", 0:10-0:15), (""Standing(on all fours)"", 0:24-0:31)]",Unique,3.0,,,,,,,,,
Cat,https://www.youtube.com/watch?v=NhpY4f-bg4w,"[(""Lying"", 0:24-0:28), (""Standing(on all fours)"", 1:21-1:25)]",Unique,3.0,,,,,,,,,
Cat,http://youtube.com/watch?v=OJgTSrXyA2Y,"[(""Lying"", 1:45-2:00)]",Unique,4.0,,,,,,,,,
Cat,https://www.youtube.com/watch?v=q6nnacxDOUQ,"[(""Lying"", 0:00-0:41), (""Lying"", 1:15-1:36)]",Unique,1.0,,,,,,,,,
Cat,https://www.youtube.com/watch?v=L-7vbGwCBVg,"[(""Movement Disorder"", 0:00-0:05)]",Unique,3.0,,,,,,,,,
Cat,https://www.youtube.com/watch?v=3mqyrW2IB6Y,"[(""Standing(bipedal)"", 0:00-0:33)]",Unique,1.0,,,,,,,,,
Cat,https://www.youtube.com/shorts/deTfOsJE0Gg,"[(""Standing(on all fours)"", 0:00-0:23)]",Unique,5.0,,,,,,,,,
Cat,https://www.youtube.com/watch?v=Y8RSEEtC1u8,"[(""Sitting"", 0:00-0:11)]",Unique,3.0,,,,,,,,,
Cat,https://www.youtube.com/watch?v=wUSwvUkZtAo,"[(""Lying"", 0:00-0:10)]",Unique,1.0,,,,,,,,,
Cat,https://www.youtube.com/shorts/n6EjzPCNARo,"[(""Movement Disorder"", 0:00-0:05)]",Unique,2.0,,,,,,,,,
Cat,https://www.youtube.com/shorts/ThmeWwZuP2M,"[(""Sniffing"", 0:00-0:25)]",Unique,1.0,,,,,,,,,
Cat,https://www.youtube.com/shorts/LaWq1ny8M7I,"[(""Standing(bipedal)"", 0:03-0:19)]",Unique,2.0,,,,,,,,,
Cat,https://www.youtube.com/watch?v=_-NUe1FYYT0,"[(""Sitting"", 0:03-0:08), (""Lying"", 0:46-1:00)]",Unique,4.0,,,,,,,,,
Cat,https://www.youtube.com/shorts/hIfiwgQEoyw,"[(""Walking"", 0:00-0:04)]",Unique,4.0,,,,,,,,,
Cat,https://www.youtube.com/watch?v=Kcj5QHpOVao,"[(""Walking"", 0:00-0:05)]",Unique,5.0,V,,,,,,,,
Cat,https://www.youtube.com/watch?v=hNsJJaB9byc,"[(""Standing(on all fours)"", 1:23-1:28)]",Unique,2.0,V,,,,,,,,
Cat,https://www.youtube.com/watch?v=yB1BPBYj_uA,"[(""Walking"", 0:01-0:29), (""Walking"", 0:39-0:43)]",Unique,5.0,,,,,,,,,
Cat,https://www.youtube.com/watch?v=f9edMwBOcLU,"[(""Walking"", 0:00-0:10), (""Walking"", 0:21-0:31), (""Walking"", 0:58-1:09), (""Walking"", 1:12-1:18), (""Standing(on all fours)"", 1:30-1:36), (""Walking"", 1:42-1:49)]",Unique,1.0,,,,,,,,,
Cat,https://www.youtube.com/watch?v=OO2FuDEd6Ow,"[(""Standing(on all fours)"", 0:06-0:10), (""Walking"", 0:16-0:23), (""Walking"", 0:40-1:15), (""Walking"", 3:19-4:39), (""Walking"", 4:15-4:55)]",Unique,2.0,,,,,,,,,
Cat,https://www.youtube.com/shorts/ypPiMV8Tgro,"[(""Standing(on all fours)"", 0:05-0:09)]",Unique,1.0,,,,,,,,,
Dog,https://www.youtube.com/shorts/0VdopAmOdeA,"[(""Sitting"", 0:00-0:20)]",Unique,3.0,,,,,,,,,
Dog,https://www.youtube.com/watch?v=MtCrwIY3DAw,"[(""Standing(on all fours)"", 0:24-0:32), (""Standing(on all fours)"", 0:35-0:44)]",Unique,2.0,,,,,,,,,
Dog,https://www.youtube.com/watch?v=i1p68G9SC48,"[(""Standing(on all fours)"", 0:02-0:09)",Unique,5.0,,,,,,,,,
Dog,https://www.youtube.com/shorts/43g5eQD0S9E,"[(""Walking"", 0:09-0:14)]",Unique,1.0,,,,,,,,,
Dog,https://www.youtube.com/shorts/H6FBJsD1Qfk,"[(""Standing(bipedal)"", 0:02-0:06)]",Unique,2.0,V,,,,,,,,
Dog,https://www.youtube.com/shorts/Hnek99nkwnQ,"[(""Sitting"", 0:00-0:05)]",Unique,4.0,,,,,,,,,
Dog,https://www.youtube.com/shorts/fUBNeXPxntM,"[(""Running"", 0:11-0:28)]",Unique,3.0,,,,,,,,,
Dog,https://www.youtube.com/shorts/m39EezTiRDw,"[(""Sitting"", 0:00-0:06)]",Unique,3.0,,,,,,,,,
Dog,https://www.youtube.com/shorts/D3ueS38asyQ,"[(""Standing(bipedal)"", 0:01-0:08)]",Unique,1.0,,,,,,,,,
Dog,https://www.youtube.com/shorts/6OiYI_G8bN4,"[(""Standing(bipedal)"", 0:00-0:15)]",Unique,5.0,,,,,,,,,
Dog,https://www.youtube.com/shorts/DPRb5-lQ2zg,"[(""Sitting"", 0:00-0:14)]",Unique,2.0,,,,,,,,,
Dog,https://www.youtube.com/shorts/Ly09W3AEm3g,"[(""Sitting"", 0:09-0:16)]",Unique,2.0,,,,,,,,,
Dog,https://www.youtube.com/shorts/qpcoq9EwK2M,"[(""Sitting"", 0:00-0:15)]",Unique,1.0,,,,,,,,,
Dog,https://www.youtube.com/shorts/exEIy3P7FwQ,"[(""Sitting"", 0:00-0:04)]",Unique,1.0,,,,,,,,,
Dog,https://www.youtube.com/shorts/Y5xMWhlvcwU,"[(""Sitting"", 0:02-0:14)]",Unique,2.0,,,,,,,,,
Dog,https://www.youtube.com/shorts/EqWlV1HMU2c,"[(""Walking"", 0:04-0:09)]",Unique,5.0,,,,,,,,,
Dog,https://www.youtube.com/shorts/9KMxXLMfOl4,"[(""Sitting"", 0:02-0:06)]",Unique,5.0,V,,,,,,,,
Dog,https://www.youtube.com/shorts/tYBEKKvBXpo,"[(""Standing(on all fours)"", 0:05-0:15)]",Unique,3.0,,,,,,,,,
Dog,https://www.youtube.com/shorts/UtwjOE_8NSc,"[(""Standing(on all fours)"", 0:00-0:04)]",Unique,4.0,V,,,,,,,,
Dog,https://www.youtube.com/shorts/fs32tYZs4pA,"[(""Standing(bipedal)"", 0:00-0:18)]",Unique,4.0,,,,,,,,,
Dog,https://www.youtube.com/shorts/3SOWOOXrbNU,"[(""Running"", 0:02-0:08)]",Unique,2.0,V,,,,,,,,
Dog,https://www.youtube.com/shorts/T0IZ2BAnsuQ,"[(""Sitting"", 0:00-0:09)]",Unique,3.0,,,,,,,,,
Dog,https://www.youtube.com/shorts/l0S4A9g0Mb4,"[(""Standing(on all fours)"", 0:13-0:22)]",Unique,2.0,,,,,,,,,
Dog,https://www.youtube.com/shorts/DhsqFNzh_Lw,"[(""Standing(bipedal)"", 0:00-0:20)]",Unique,3.0,,,,,,,,,
Dog,https://www.youtube.com/shorts/5QTOoa7Yb_0,"[(""Sitting"", 0:03-0:10)]",Unique,4.0,,,,,,,,,
Dog,https://www.youtube.com/shorts/zAlTiv0X7RQ,"[(""Walking"", 0:08-0:16)]",Unique,4.0,,,,,,,,,
Dog,https://www.youtube.com/watch?v=3AGnaZ7O6r4,"[(""Sitting"", 0:03-0:33)]",Unique,5.0,,,,,,,,,
Dog,https://www.youtube.com/shorts/t5ellAw_Jms,"[(""Sitting"", 0:17-0:21)]",Unique,3.0,,,,,,,,,
Dog,https://www.youtube.com/shorts/NBSsWSB35wY,"[(""Sitting"", 0:00-0:10), (""Sitting"", 0:15-0:20)]",Unique,4.0,,,,,,,,,
Dog,https://www.youtube.com/watch?v=SyK6vdmV0yU,"[(""Walking"", 0:26-0:46)]",Unique,1.0,,,,,,,,,
Dog,https://www.youtube.com/watch?v=cGFNK0lcfyY,"[(""Running"", 2:52-2:59), (""Running"", 3:07-3:28), (""Standing(on all fours)"", 5:33-5:40)]",Unique,1.0,,,,,,,,,
Dog,https://www.youtube.com/watch?v=w0X1Etug2Ww,"[(""Sniffing"", 0:51-0:58), (""Walking"", 2:28-2:36), (""Sniffing"", 2:51-2:55)]",Unique,2.0,,,,,,,,,
Dog,https://www.youtube.com/shorts/gZ4HDQs3Rd8,"[(""Walking"", 0:00-0:04)]",Unique,3.0,V,,,,,,,,
Dog,https://www.youtube.com/watch?v=uhXH7W5ESRc,"[(""Standing(on all fours)"", 0:16-0:21)]",Unique,3.0,,,,,,,,,
Dog,https://www.youtube.com/shorts/gkfHA5Ll7FM,"[(""Running"", 0:03-0:07)]",Unique,1.0,,,,,,,,,
Dog,https://www.youtube.com/shorts/BwpWvtVR6ws,"[(""Movement Disorder"", 0:00-0:06)]",Unique,4.0,V,,,,,,,,
Dog,https://www.youtube.com/shorts/46GzlzwFCrs,"[(""Sitting"", 0:00-0:04)]",Unique,2.0,,,,,,,,,
Dog,https://www.youtube.com/shorts/WwdHWlUL-Us,"[(""Movement Disorder"", 0:02-0:07), (""Movement Disorder"", 0:10-0:14)]",Unique,3.0,,,,,,,,,
Dog,https://www.youtube.com/shorts/Cr1TxxsCvx8,"[(""Movement Disorder"", 0:04-0:08)]",Unique,5.0,,,,,,,,,
Dog,https://www.youtube.com/shorts/F94FImFlcvY,"[(""Movement Disorder"", 0:00-0:04), (""Movement Disorder"", 0:08-0:12)]",Unique,2.0,,,,,,,,,
Dog,https://www.youtube.com/shorts/5Y86d6Yy_eo,"[(""Movement Disorder"", 0:00-0:14)]",Unique,3.0,,,,,,,,,
Dog,https://www.youtube.com/watch?v=qTij5uHGB7E,"[(""Movement Disorder"", 0:03-0:07)]",Unique,4.0,,,,,,,,,
Dog,https://www.youtube.com/watch?v=RbV0quVKBLM,"[(""Movement Disorder"", 0:10-0:15)]",Unique,3.0,,,,,,,,,
Dog,https://www.youtube.com/watch?v=lTGiISUBu3k,"[(""Movement Disorder"", 0:01-0:10), (""Movement Disorder"", 0:14-0:23), (""Movement Disorder"", 1:14-1:24)]",Unique,2.0,,,,,,,,,
Cat,https://www.youtube.com/shorts/0IUynxdo9LI,"[(""Standing(on all fours)"", 0:01-0:05)]",Unique,5.0,,,,,,,,,
Cat,https://www.youtube.com/shorts/kV_p6-V0P5s,"[(""Running"", 0:01-0:05)]",Unique,1.0,,,,,,,,,
Cat,https://www.youtube.com/watch?v=ylfW-m7i8e8,"[(""Running"", 0:10-0:19)]",Unique,4.0,,,,,,,,,
Cat,https://www.youtube.com/watch?v=phOKXc0zvMY,"[(""Running"", 2:17-2:25)]",Unique,5.0,,,,,,,,,
Cat,https://www.youtube.com/watch?v=8mY8Yechvg8,"[(""Running"", 0:00-0:04)]",Unique,4.0,,,,,,,,,
Dog,https://www.youtube.com/watch?v=EEK3eZAIYx4,"[(""Coughing"", 0:07-0:13), (""Sitting"", 0:16-0:20), (""Sitting"", 0:22-0:38), (""Sitting"", 0:55-1:08)]",Unique,3.0,,,,,,,,,
Dog,https://www.youtube.com/watch?v=vibmGd0JEaM,"[(""Coughing"", 0:00-0:05), (""Sitting"", 0:11-0:16), (""Sitting"", 0:41-1:02), (""Sitting"", 1:14-1:19), (""Sitting"", 1:27-1:42), (""Coughing"", 2:39-2:46)]",Unique,4.0,,,,,,,,,
Dog,https://www.youtube.com/watch?v=WO0NwHQazNY,"[(""Coughing"", 0:08-0:21), (""Coughing"", 0:29-0:47)]",Unique,1.0,,,,,,,,,
Dog,https://www.youtube.com/watch?v=rfbMWy9RrjE,"[(""Walking"", 0:35-0:39)]",Unique,2.0,V,,,,,,,,
Dog,https://www.youtube.com/shorts/gV_s_Vnajmk,"[(""Sitting"", 0:00-0:06)]",Unique,1.0,V,,,,,,,,
Dog,https://www.youtube.com/watch?v=1-aWXE_PBWk,"[(""Coughing"", 0:00-0:08)]",Unique,3.0,,,,,,,,,
Dog,https://www.youtube.com/shorts/y73cT5sjfvg,"[(""Standing(on all fours)"", 0:00-0:11)]",Unique,1.0,,,,,,,,,
Dog,https://www.youtube.com/shorts/XddxFY7d9EE,"[(""Coughing"", 0:00-0:05)]",Unique,2.0,,,,,,,,,
Dog,https://www.youtube.com/shorts/RCsPyGiKzHg,"[(""Coughing"", 0:07-0:14), (""Coughing"", 0:16-0:25)]",Unique,3.0,,,,,,,,,
Dog,https://www.youtube.com/shorts/JPBoIa_WTl0,"[(""Coughing"", 0:02-0:07)]",Unique,1.0,,,,,,,,,
Dog,https://www.youtube.com/watch?v=Rji69O-KPN8,"[(""Coughing"", 0:06-0:12)]",Unique,5.0,,,,,,,,,
Dog,https://www.youtube.com/watch?v=GBEDWjqG1qU,"[(""Coughing"", 0:09-0:16)]",Unique,4.0,,,,,,,,,
Dog,https://www.youtube.com/shorts/Xp76rQ3EJWQ,"[(""Coughing"", 0:01-0:12)]",Unique,3.0,,,,,,,,,
Dog,https://www.youtube.com/shorts/70KqqWB-r-M,"[(""Walking"", 0:00-0:05)]",Unique,1.0,,,,,,,,,
Dog,https://www.youtube.com/shorts/_yvzCyaAUC4,"[(""Standing(on all fours)"", 0:03-0:09)]",Unique,2.0,,,,,,,,,
Dog,https://www.youtube.com/shorts/5QYg7hljcTU,"[(""Coughing"", 0:01-0:12)]",Unique,2.0,,,,,,,,,
Dog,https://www.youtube.com/shorts/k3x6nXYAA6o,"[(""Coughing"", 0:00-0:04), (""Coughing"", 0:06-0:10)]",Unique,5.0,,,,,,,,,
Cat,https://www.youtube.com/watch?v=wNJT7m9cPqE,"[(""Sniffing"", 0:02-0:06)]",Unique,5.0,V,,,,,,,,
Cat,https://www.youtube.com/shorts/HjXXNOmcJUg,"[(""Standing(on all fours)"", 0:08-0:19)]",Unique,5.0,,,,,,,,,
Cat,https://www.youtube.com/watch?v=hiV8zVDEeXw,"[(""Standing(on all fours)"", 0:13-0:18)]",Unique,4.0,V,,,,,,,,
Cat,https://www.youtube.com/shorts/TC1xk4MsAbA,"[(""Standing(bipedal)"", 0:01-0:05)]",Unique,2.0,V,,,,,,,,
Cat,https://www.youtube.com/shorts/Vy8-4UXEml0,"[(""Running"", 0:04-0:10)]",Unique,3.0,,,,,,,,,
Cat,https://www.youtube.com/shorts/i4LNZEIqfho,"[(""Running"", 0:05-0:10)]",Unique,2.0,,,,,,,,,
Cat,https://www.youtube.com/watch?v=ySpBGri_NZ8,"[(""Running"", 0:03-0:17)]",Unique,2.0,,,,,,,,,
Dog,https://www.youtube.com/watch?v=bEdrpqw-UQM,"[(""Running"", 0:10-1:00)]",Unique,5.0,,,,,,,,,
Cat,https://www.youtube.com/shorts/2AbL6vtE62s,"[(""Running"", 0:02-0:07)]",Unique,1.0,V,,,,,,,,
Cat,https://www.youtube.com/watch?v=PH7aMO9f8lo,"[(""Running"", 0:04-0:08)]",Unique,5.0,,,,,,,,,
Cat,https://www.youtube.com/watch?v=gigUi9t6N4w,"[(""Running"", 0:05-0:17)]",Unique,1.0,,,,,,,,,
Cat,https://www.youtube.com/watch?v=S3HBe5YLRYk,"[(""Running"", 0:00-0:04)]",Unique,4.0,,,,,,,,,
Cat,https://www.youtube.com/shorts/GWW2veDFSVU,"[(""Running"", 0:00-0:05)]",Unique,3.0,,,,,,,,,
Cat,https://www.youtube.com/shorts/XLQlm18Ccmg,"[(""Running"", 0:03-0:07)]",Unique,2.0,,,,,,,,,
Cat,https://www.youtube.com/watch?v=gPxW09sfvXs,"[(""Running"", 0:05-0:09)]",Unique,1.0,,,,,,,,,
Dog,https://www.youtube.com/watch?v=vnzPKr6AxW8,"[(""Sniffing"", 0:14-0:25), (""Sniffing"", 0:36-0:53), (""Sniffing"", 1:08-1:12), (""Sniffing"", 1:33-1:38)]",Unique,4.0,,,,,,,,,
Dog,https://www.youtube.com/watch?v=qaDommPyq_c,"[(""Sitting"", 0:20-0:25), (""Sniffing"", 0:27-0:32)]",Unique,1.0,,,,,,,,,
Dog,https://www.youtube.com/shorts/ka2soLdeuHQ,"[(""Sniffing"", 0:00-0:05)]",Unique,2.0,V,,,,,,,,
Dog,https://www.youtube.com/shorts/Ml_myLt6080,"[(""Sniffing"", 0:00-0:08)]",Unique,1.0,,,,,,,,,
Dog,https://www.youtube.com/watch?v=q0RsPlnUNjc,"[(""Walking"", 0:11-0:17)]",Unique,5.0,V,,,,,,,,
Dog,https://www.youtube.com/watch?v=TMcRTn6J86c,"[(""Walking"", 0:03-0:08)]",Unique,4.0,V,,,,,,,,
Dog,https://www.youtube.com/shorts/TAOD7S3TSOA,"[(""Standing(on all fours)"", 0:27-0:37)]",Unique,5.0,,,,,,,,,
Dog,https://www.youtube.com/shorts/8vpMIFlLPvk,"[(""Sniffing"", 0:00-0:04)]",Unique,5.0,,,,,,,,,
Dog,https://www.youtube.com/shorts/SaReyhZ4OPM,"[(""Standing(on all fours)"", 0:04-0:15)]",Unique,4.0,,,,,,,,,
Cat,https://www.youtube.com/shorts/26PYhUS35hk,"[(""Movement Disorder"", 0:00-0:05), (""Movement Disorder"", 0:30-0:35)]",Unique,1.0,,,,,,,,,
Cat,https://www.youtube.com/shorts/lW8Mbn1qNcU,"[(""Movement Disorder"", 0:00-0:09)]",Unique,5.0,,,,,,,,,
Cat,https://www.youtube.com/shorts/7oZaJi8CTto,"[(""Movement Disorder"", 0:00-0:05)]",Unique,4.0,V,,,,,,,,
Cat,https://www.youtube.com/shorts/ImrLO7w_TYU,"[(""Movement Disorder"", 0:00-0:14)]",Unique,1.0,,,,,,,,,
Cat,https://www.youtube.com/shorts/4naNw0MRjx8,"[(""Movement Disorder"", 0:11-0:19)]",Unique,2.0,,,,,,,,,
Cat,https://www.youtube.com/shorts/sfil7QXs5WU,"[(""Movement Disorder"", 0:01-0:07)]",Unique,1.0,,,,,,,,,
Cat,https://www.youtube.com/watch?v=mGl5693Yqpw,"[(""Movement Disorder"", 0:00-0:39)]",Unique,5.0,,,,,,,,,
Cat,https://www.youtube.com/watch?v=AfCNX6fuWRw,"[(""Movement Disorder"", 0:07-0:21)], [(""Movement Disorder"", 0:35-0:39)]",Unique,4.0,,,,,,,,,
Cat,https://www.youtube.com/watch?v=80A41Sv8SnU,"[(""Lying"", 0:00-0:05), (""Movement Disorder"", 0:23-0:32), (""Movement Disorder"", 0:35-0:46), (""Movement Disorder"", 1:00-1:05)]",Unique,3.0,,,,,,,,,
Cat,https://www.youtube.com/watch?v=dRnfSb3-YEI,"[(""Movement Disorder"", 0:15-0:25)]",Unique,5.0,,,,,,,,,
Cat,https://www.youtube.com/shorts/ihD-gaANl-M,"[(""Movement Disorder"", 0:27-0:34)]",Unique,4.0,,,,,,,,,
Cat,https://www.youtube.com/shorts/2tMJQ_mt_Qg,"[(""Movement Disorder"", 0:09-0:14)]",Unique,3.0,,,,,,,,,
Cat,https://www.youtube.com/watch?v=sbIDEtqNY0E,"[(""Movement Disorder"", 0:00-0:09), (""Movement Disorder"", 0:14-0:21)]",Unique,2.0,,,,,,,,,
Cat,https://www.youtube.com/shorts/8B3JW3V7WWU,"[(""Movement Disorder"", 0:00-0:08)]",Unique,1.0,V,,,,,,,,
Cat,https://www.youtube.com/shorts/WIXvfFbTtUE,"[(""Sitting"", 0:00-0:05)]",Unique,3.0,,,,,,,,,
Cat,https://www.youtube.com/shorts/9dDdby_4pcA,"[(""Sitting"", 0:00-0:04)]",Unique,5.0,,,,,,,,,
Cat,https://www.youtube.com/watch?v=wrdAEmNvEj4,"[(""Standing(on all fours)"", 0:21-0:27), (""Standing(on all fours)"", 0:33-0:44)]",Unique,4.0,,,,,,,,,
Cat,https://www.youtube.com/shorts/i0EkaSk21xU,"[(""Standing(on all fours)"", 0:07-0:12)]",Unique,3.0,V,,,,,,,,
Cat,https://www.youtube.com/shorts/MFWH7-AfK0A,"[(""Standing(on all fours)"", 0:02-0:12)]",Unique,4.0,,,,,,,,,
Dog,https://www.youtube.com/shorts/CMqdyF9dep4,"[(""Movement Disorder"", 0:00-0:08)]",Unique,2.0,,,,,,,,,
Dog,https://www.youtube.com/watch?v=0cdiTIDzOEU,"[(""Movement Disorder"", 0:13-0:21), (""Movement Disorder"", 0:23-0:30)]",Unique,1.0,,,,,,,,,
Dog,https://www.youtube.com/shorts/l77_v24TurU,"[(""Movement Disorder"", 0:00-0:11)]",Unique,5.0,,,,,,,,,
Dog,https://www.youtube.com/watch?v=PnG-CoaAvXU,"[(""Movement Disorder"", 0:00-0:09), (""Movement Disorder"", 0:13-0:21), (""Movement Disorder"", 0:38-0:46), (""Movement Disorder"", 1:05-1:19), (""Movement Disorder"", 1:57-2:08)]",Unique,1.0,,,,,,,,,
Dog,https://www.youtube.com/shorts/aODfxQj_LKU,"[(""Movement Disorder"", 0:05-0:13)]",Unique,4.0,,,,,,,,,
Dog,https://www.youtube.com/shorts/ZHdw2vbmCTU,"[(""Movement Disorder"", 0:00-0:05), (""Movement Disorder"", 0:11-0:15)]",Unique,3.0,,,,,,,,,
Dog,https://www.youtube.com/shorts/TrnMlLWL_54,"[(""Movement Disorder"", 0:00-0:04), (""Movement Disorder"", 0:10-0:15)]",Unique,2.0,,,,,,,,,
Dog,https://www.youtube.com/shorts/0f8dViqZokY,"[(""Vomiting"",0:00-0:20)]",Unique,1.0,,,,,,,,,
Cat,https://www.youtube.com/shorts/4Dq_v_OVwN8,"[(""Vomiting"",0:02-0:08)]",Unique,2.0,,,,,,,,,
Dog,https://www.youtube.com/shorts/zW3NR7JOj5Q,"[(""Vomiting"",0:00-0:15)]",Unique,5.0,,,,,,,,,
Dog,https://www.youtube.com/watch?v=MAm1z8XAv9M,"[(""Vomiting"",0:18-0:23)]",Unique,1.0,V,,,,,,,,
Dog,https://www.youtube.com/shorts/VdhtkTo3j1w,"[(""Running"", 0:00-0:10)]",Unique,1.0,,,,,,,,,
Dog,https://www.youtube.com/shorts/D4BKtPDetk0,"[(""Running"", 0:05-0:10)]",Unique,5.0,,,,,,,,,
Dog,https://www.youtube.com/shorts/8C38mPNWW3k,"[(""Running"", 0:01-0:05)]",Unique,4.0,,,,,,,,,
Dog,https://www.youtube.com/watch?v=aXHOyuE9Qt0,"[(""Running"", 0:02-0:18)]",Unique,2.0,,,,,,,,,
Dog,https://www.youtube.com/watch?v=O1gt9r_JQAU,"[(""Running"", 0:11-0:29)]",Unique,1.0,,,,,,,,,
Dog,https://www.youtube.com/watch?v=xNdNvbnkMDA,"[(""Walking"", 0:02-0:06)]",Unique,3.0,,,,,,,,,
Dog,https://www.youtube.com/shorts/LBb70Pg6UcI,"[(""Running"", 0:02-0:07)]",Unique,3.0,,,,,,,,,
Dog,https://www.youtube.com/shorts/buc8SMowjyM,"[(""Running"", 0:01-0:14)]",Unique,5.0,,,,,,,,,
Dog,https://www.youtube.com/shorts/Zp61FMHTj7o,"[(""Running"", 0:02-0:09)]",Unique,2.0,,,,,,,,,
Dog,https://www.youtube.com/shorts/ToOZOhNeJvQ,"[(""Standing(on all fours)"", 0:00-0:04)]",Unique,1.0,,,,,,,,,
Dog,https://www.youtube.com/watch?v=JohDcTxMPPs,"[(""Running"", 0:00-0:06)]",Unique,1.0,,,,,,,,,
Dog,https://www.youtube.com/watch?v=aD0i0OB8KWw,"[(""Running"", 0:15-0:32)]",Unique,5.0,,,,,,,,,
Dog,https://www.youtube.com/shorts/SRP8eV-Mn1U,"[(""Walking"", 0:00-0:07)]",Unique,2.0,,,,,,,,,
Dog,https://www.youtube.com/shorts/00WNs8dCcSs,"[(""Walking"", 0:00-0:14)]",Unique,3.0,,,,,,,,,
Dog,https://www.youtube.com/shorts/ZDcwSmRxXAs,"[(""Standing(on all fours)"", 0:02-0:07)]",Unique,5.0,,,,,,,,,
Dog,https://www.youtube.com/shorts/0Cr3YH4mmLM,"[(""Walking"", 0:00-0:05)]",Unique,1.0,V,,,,,,,,
Dog,https://www.youtube.com/watch?v=8HLcFZNje_w,"[(""Standing(on all fours)"", 0:02-0:07)]",Unique,4.0,,,,,,,,,
Dog,https://www.youtube.com/shorts/zwbByL4jAAw,"[(""Walking"", 0:00-0:04)]",Unique,5.0,,,,,,,,,
Dog,https://www.youtube.com/shorts/YfIdYLwiS0U,"[(""Standing(on all fours)"", 0:03-0:08)]",Unique,3.0,V,,,,,,,,
Dog,https://www.youtube.com/shorts/fdcX8YnCpgA,"[(""Standing(on all fours)"", 0:00-0:14)]",Unique,4.0,,,,,,,,,
Dog,https://www.youtube.com/shorts/SIzF_GR83pw,"[(""Standing(on all fours)"", 0:00-0:10)]",Unique,3.0,,,,,,,,,
Dog,https://www.youtube.com/shorts/cmrukgXRV_A,"[(""Standing(on all fours)"", 0:00-0:10)]",Unique,2.0,,,,,,,,,
Dog,https://www.youtube.com/shorts/V-PQwj1RAsE,"[(""Sniffing"", 0:00-0:04)]",Unique,4.0,V,,,,,,,,
Dog,https://www.youtube.com/shorts/rFXepR_ssjQ,"[(""Sniffing"", 0:09-0:16)]",Unique,3.0,,,,,,,,,
Dog,https://www.youtube.com/shorts/Yb1Wf8fI_cM,"[(""Standing(on all fours)"", 0:00-0:04)]",Unique,2.0,V,,,,,,,,
Dog,https://www.youtube.com/shorts/bJ3YmyvDa-4,"[(""Walking"", 0:05-0:09)]",Unique,4.0,V,,,,,,,,
Dog,https://www.youtube.com/shorts/Wu6X-iMBoKA,"[(""Standing(on all fours)"", 0:00-0:10)]",Unique,1.0,,,,,,,,,
Dog,https://www.youtube.com/shorts/C8BE1g7tgeU,"[(""Walking"", 0:00-0:05)]",Unique,3.0,V,,,,,,,,
Dog,https://www.youtube.com/shorts/7uJoIUHh0sM,"[(""Walking"", 0:00-0:06)]",Unique,2.0,V,,,,,,,,
Dog,https://www.youtube.com/watch?v=GUr8OAYupGA,"[(""Standing(on all fours)"", 0:03-0:15)]",Unique,5.0,,,,,,,,,
Dog,https://www.youtube.com/shorts/qvJU1vaP89A,"[(""Standing(on all fours)"", 0:16-0:27)]",Unique,4.0,,,,,,,,,
Dog,https://www.youtube.com/shorts/ICAIwiW7gi8,"[(""Standing(on all fours)"", 0:00-0:07)]",Unique,1.0,,,,,,,,,
Dog,https://www.youtube.com/watch?v=arclbS1vZlI,"[(""Walking"", 0:00-0:15), (""Sniffing"", 0:18-0:23), (""Walking"", 0:31-0:35)]",Unique,2.0,,,,,,,,,
Dog,https://www.youtube.com/shorts/k6wg4xLKtp4,"[(""Sniffing"", 0:00-0:05), (""Sniffing"", 0:15-0:21)]",Unique,2.0,,,,,,,,,
Dog,https://www.youtube.com/watch?v=rnv7d8glOH8,"[(""Sniffing"", 0:03-0:07)]",Unique,2.0,,,,,,,,,
Dog,https://www.youtube.com/shorts/6BB33ve3xeY,"[(""Walking"", 0:07-0:11)]",Unique,1.0,,,,,,,,,
Dog,https://www.youtube.com/watch?v=CNS-b75mEmk,"[(""Standing(on all fours)"", 0:00-0:04), (""Standing(on all fours)"", 0:08-0:15)]",Unique,3.0,,,,,,,,,
Dog,https://www.youtube.com/watch?v=8LFjw_EtoZE,"[(""Standing(on all fours)"", 0:04-0:08)]",Unique,5.0,V,,,,,,,,
Dog,https://www.youtube.com/shorts/kiy7XztUMBk,"[(""Sniffing"", 0:00-0:04)]",Unique,1.0,V,,,,,,,,
Dog,https://www.youtube.com/shorts/dtHOIduFQds,"[(""Sniffing"", 0:01-0:07)]",Unique,5.0,,,,,,,,,
Dog,https://www.youtube.com/shorts/1ssrsL2d9go,"[(""Sniffing"", 0:28-0:40)]",Unique,1.0,,,,,,,,,
Dog,https://www.youtube.com/shorts/lU34qmo24oE,"[(""Sniffing"", 0:00-0:05), (""Sniffing"", 0:07-0:14)]",Unique,5.0,,,,,,,,,
Dog,https://www.youtube.com/shorts/k24Bg6xTNuQ,"[(""Sniffing"", 0:00-0:06)]",Unique,4.0,V,,,,,,,,
Dog,https://www.youtube.com/shorts/YWsey2UlsL4,"[(""Sniffing"", 0:00-0:04)]",Unique,3.0,,,,,,,,,
Dog,https://www.youtube.com/shorts/wUPAemn3rDo,"[(""Sniffing"", 0:04-0:10)]",Unique,4.0,,,,,,,,,
Dog,https://www.youtube.com/shorts/VEhpkNKa9zk,"[(""Standing(on all fours)"", 0:03-0:09), (""Standing(on all fours)"", 0:15-0:19), (""Standing(on all fours)"", 0:21-0:25)]",Unique,1.0,,,,,,,,,
Dog,https://www.youtube.com/shorts/l_ZiP_1CUzs,"[(""Sniffing"", 0:29-0:38)]",Unique,4.0,,,,,,,,,
Dog,https://www.youtube.com/shorts/A3R3MkN_EN0,"[(""Sniffing"", 0:00-0:11)]",Unique,3.0,,,,,,,,,
Dog,https://www.youtube.com/shorts/BKizdxuZ6zM,"[(""Sniffing"", 0:02-0:17)]",Unique,2.0,,,,,,,,,
Dog,https://www.youtube.com/shorts/-hkaHApKiyM,"[(""Standing(on all fours)"", 0:00-0:06), (""Sniffing"", 0:08-0:12)]",Unique,1.0,,,,,,,,,
Dog,https://www.youtube.com/watch?v=RVu5RqJXcag,"[(""Sniffing"", 0:28-0:41)]",Unique,5.0,,,,,,,,,
Dog,https://www.youtube.com/shorts/doyn-bwi8YU,"[(""Sniffing"", 0:00-0:09)]",Unique,2.0,,,,,,,,,
Dog,https://www.youtube.com/watch?v=ah3E6cvwQHc,"[(""Standing(on all fours)"", 0:00-0:10)]",Unique,2.0,,,,,,,,,
Dog,https://www.youtube.com/shorts/C8jEXkuud18,"[(""Sniffing"", 0:01-0:09)]",Unique,1.0,,,,,,,,,
Dog,https://www.youtube.com/shorts/a923WbWgKow,"[(""Standing(on all fours)"", 0:03-0:07)]",Unique,4.0,,,,,,,,,
Dog,https://www.youtube.com/shorts/xIXqdwMvMSk,"[(""Standing(on all fours)"", 0:00-0:04)]",Unique,3.0,V,,,,,,,,
Dog,https://www.youtube.com/shorts/LJSaJJ7F_pI,"[(""Sitting"", 0:00-0:05)]",Unique,5.0,V,,,,,,,,
Dog,https://www.youtube.com/shorts/XOhbqNwKhvE,"[(""Sitting"", 0:04-0:10)]",Unique,4.0,,,,,,,,,
Dog,https://www.youtube.com/shorts/Vx-uLIJVmbo,"[(""Sitting"", 0:00-0:20)]",Unique,4.0,,,,,,,,,
Dog,https://www.youtube.com/shorts/GJAAx4oDOdY,"[(""Standing(on all fours)"", 0:00-0:05)]",Unique,2.0,V,,,,,,,,
Dog,https://www.youtube.com/shorts/CT0B9k5HXEk,"[(""Sniffing"", 0:00-0:09)]",Unique,5.0,,,,,,,,,
Dog,https://www.youtube.com/watch?v=o-kPyAupU6w,"[(""Sniffing"", 0:15-0:54)]",Unique,3.0,,,,,,,,,
Dog,https://www.youtube.com/shorts/I89q_A-i2_A,"[(""Sitting"", 0:00-0:05)]",Unique,3.0,,,,,,,,,
Dog,https://www.youtube.com/watch?v=z9dtD_X_9ls,"[(""Sitting"", 0:00-0:05)]",Unique,2.0,,,,,,,,,
Dog,https://www.youtube.com/shorts/fsGLTArnGpw,"[(""Sitting"", 0:00-0:05)]",Unique,1.0,,,,,,,,,
Dog,https://www.youtube.com/shorts/b6NTTT8VUpc,"[(""Standing(on all fours)"", 0:00-0:06)]",Unique,1.0,,,,,,,,,
Dog,https://www.youtube.com/shorts/J0acW4MyJzU,"[(""Standing(on all fours)"", 0:00-0:10)]",Unique,1.0,,,,,,,,,
Dog,https://www.youtube.com/watch?v=Y2gGT7B6UuE,"[(""Vomiting"", 0:07-0:12), (""Vomiting"", 0:33-0:40)]",Unique,4.0,,,,,,,,,
Dog,https://www.youtube.com/watch?v=GX6AfMJloVg,"[(""Vomiting"", 0:03-0:15)]",Unique,2.0,,,,,,,,,
Dog,https://www.youtube.com/shorts/RAoopptHmnU,"[(""Vomiting"", 0:00-0:18)]",Unique,3.0,,,,,,,,,
Cat,https://www.youtube.com/shorts/6QgWqNqVLLo,"[(""Sniffing"", 0:00-0:10)]",Unique,4.0,,,,,,,,,
Cat,https://www.youtube.com/watch?v=NYysJoPAiuk,"[(""Sniffing"", 0:03-0:08)]",Unique,2.0,,,,,,,,,
Cat,https://www.youtube.com/shorts/7ghvlZvbSlQ,"[(""Sniffing"", 0:01-0:06)]",Unique,1.0,V,,,,,,,,
Cat,https://www.youtube.com/shorts/cyeCr1bjTn4,"[(""Sniffing"", 0:00-0:08)]",Unique,5.0,,,,,,,,,
Cat,https://www.youtube.com/shorts/Hd9fterLFEI,"[(""Sniffing"", 0:04-0:18)]",Unique,2.0,,,,,,,,,
Cat,https://www.youtube.com/watch?v=HWK9CzPzyB8,"[(""Sniffing"", 0:05-0:13), (""Sitting"", 0:15-0:19)]",Unique,4.0,,,,,,,,,
Cat,https://www.youtube.com/watch?v=7-VcG1XImHQ,"[(""Sitting"", 0:08-0:13)]",Unique,1.0,,,,,,,,,
Cat,https://www.youtube.com/shorts/pS8-umutmrg,"[(""Standing(on all fours)"", 0:02-0:09), (""Sniffing"", 0:17-0:22)]",Unique,4.0,,,,,,,,,
Cat,https://www.youtube.com/watch?v=oQ-Dv-IjTEU,"[(""Lying"", 0:27-0:34)]",Unique,5.0,,,,,,,,,
Cat,https://www.youtube.com/shorts/Myg14gl9_8g,"[(""Sniffing"", 0:03-0:11)]",Unique,4.0,,,,,,,,,
Cat,https://www.youtube.com/shorts/KIXvHd03fbs,"[(""Sitting"", 0:00-0:10)]",Unique,2.0,,,,,,,,,
Cat,https://www.youtube.com/watch?v=k1wjpXehV-A,"[(""Standing(on all fours)"", 0:00-0:05), (""Standing(on all fours)"", 0:33-0:48), (""Sniffing"", 1:22-1:42), (""Sniffing"", 1:45-1:50), (""Sniffing"", 2:07-2:14), (""Sniffing"", 2:16-2:27)]",Unique,5.0,,,,,,,,,
Cat,https://www.youtube.com/watch?v=j7kSWMMBpJI,"[(""Sniffing"", 3:46-4:00)]",Unique,1.0,,,,,,,,,
Cat,https://www.youtube.com/shorts/MI_YwsaIAg4,"[(""Sniffing"", 0:01-0:05)]",Unique,3.0,V,,,,,,,,
Cat,https://www.youtube.com/shorts/oM_viYzhtus,"[(""Sniffing"", 0:00-0:04)]",Unique,2.0,,,,,,,,,
Cat,https://www.youtube.com/shorts/GPSvwl2rmWs,"[(""Sniffing"", 0:05-0:09)]",Unique,1.0,V,,,,,,,,
Cat,https://www.youtube.com/shorts/h1C_QgxGQDs,"[(""Sniffing"", 0:00-0:10)], [(""Sniffing"", 0:13-0:20)]",Unique,5.0,,,,,,,,,
Cat,https://www.youtube.com/shorts/5zgjEcEkScs,"[(""Sniffing"", 0:00-0:25)]",Unique,2.0,,,,,,,,,
Cat,https://www.youtube.com/watch?v=coIlqaEPXDI,"[(""Lying"", 0:00-0:20)]",Unique,3.0,,,,,,,,,
Cat,https://www.youtube.com/shorts/o6LeMfOYZ-U,"[(""Lying"", 0:00-0:10), (""Lying"", 0:22-0:32)]",Unique,2.0,,,,,,,,,
Cat,https://www.youtube.com/watch?v=oYg9xywkVZc,"[(""Lying"", 0:00-0:10)]",Unique,4.0,,,,,,,,,
Cat,https://www.youtube.com/shorts/sv1GatAyWQM,"[(""Lying"", 0:00-0:05)]",Unique,3.0,V,,,,,,,,
Cat,https://www.youtube.com/watch?v=VxP6SaBLtv8,"[(""Lying"", 0:00-0:05)]",Unique,2.0,,,,,,,,,
Cat,https://www.youtube.com/watch?v=8ha6f8Dr5BI,"[(""Standing(on all fours)"", 0:00-0:10)]",Unique,3.0,,,,,,,,,
Cat,https://www.youtube.com/watch?v=J1ZoF3wJJmg,"[(""Standing(on all fours)"", 0:04-0:09), (""Standing(on all fours)"", 0:26-0:34), (""Standing(on all fours)"", 1:45-1:50)]",Unique,2.0,,,,,,,,,
Cat,https://www.youtube.com/watch?v=hFfo07eF6oo,"[(""Standing(on all fours)"", 4:05-4:15), (""Standing(on all fours)"", 4:23-4:27), (""Standing(on all fours)"", 4:43-5:00)]",Unique,1.0,,,,,,,,,
Cat,https://www.youtube.com/watch?v=DgBnNFvoMYI,"[(""Standing(on all fours)"", 4:23-4:33)]",Unique,2.0,,,,,,,,,
Cat,https://www.youtube.com/shorts/C_w8I94Av_A,"[(""Standing(on all fours)"", 0:03-0:07)]",Unique,2.0,,,,,,,,,
Cat,https://www.youtube.com/watch?v=vw0ahpUkv7Y,"[(""Lying"", 0:00-0:10)]",Unique,1.0,,,,,,,,,
Cat,https://www.youtube.com/shorts/yaE55g7G_RY,"[(""Lying"", 0:00-0:04)]",Unique,5.0,,,,,,,,,
Cat,https://www.youtube.com/watch?v=hSiJn95o0mc,"[(""Standing(on all fours)"", 0:36-0:41), (""Standing(on all fours)"", 2:36-2:40)]",Unique,1.0,,,,,,,,,
Cat,https://www.youtube.com/watch?v=fXdTH3krgK8,"[(""Standing(on all fours)"", 0:22-0:30)]",Unique,1.0,,,,,,,,,
Cat,https://www.youtube.com/watch?v=mDAEW8uStjo,"[(""Lying"", 0:06-0:12)]",Unique,4.0,,,,,,,,,
Cat,https://www.youtube.com/watch?v=BBj3UWV4lNY,"[(""Lying"", 0:04-0:12)]",Unique,3.0,,,,,,,,,
Cat,https://www.youtube.com/watch?v=tJqU2WGTRVA,"[(""Lying"", 0:04-0:16)]",Unique,2.0,,,,,,,,,
Cat,https://www.youtube.com/shorts/q0fcrlBIxDs,"[(""Lying"", 0:00-0:10)]",Unique,1.0,,,,,,,,,
Cat,https://www.youtube.com/shorts/8wRvwAwPqDo,"[(""Vomiting"", 0:00-0:05)]",Unique,1.0,,,,,,,,,
Cat,https://www.youtube.com/shorts/VeM1O-8OlBY,"[(""Vomiting"", 0:00-0:06)]",Unique,5.0,V,,,,,,,,
Cat,https://www.youtube.com/shorts/Sy6Zg5GE-is,"[(""Vomiting"", 0:01-0:06)]",Unique,4.0,V,,,,,,,,
Cat,https://www.youtube.com/watch?v=IRlxTY_-TXE,"[(""Vomiting"", 0:00-0:10)]",Unique,3.0,,,,,,,,,
Cat,https://www.youtube.com/watch?v=t8EIm-cPAL0,"[(""Vomiting"", 0:00-0:10)]",Unique,2.0,,,,,,,,,
Cat,https://www.youtube.com/watch?v=EPR4ufx5Ujg,"[(""Vomiting"", 0:00-0:20)]",Unique,2.0,,,,,,,,,
Cat,https://www.youtube.com/shorts/jpBxGbTdhFk,"[(""Vomiting"", 0:17-0:36)]",Unique,3.0,,,,,,,,,
Cat,https://www.youtube.com/shorts/nFjO9Im_QMQ,"[(""Vomiting"", 0:00-0:07)]",Unique,1.0,V,,,,,,,,
Cat,https://www.youtube.com/shorts/0bnk582I4Lc,"[(""Vomiting"", 0:00-0:20)]",Unique,5.0,,,,,,,,,
Cat,https://www.youtube.com/shorts/iBT1PTCcxJg,"[(""Vomiting"", 0:01-0:11)]",Unique,5.0,,,,,,,,,
Cat,https://www.youtube.com/watch?v=blPOEeb-wEM,"[(""Vomiting"", 0:08-0:18)]",Unique,4.0,,,,,,,,,
Cat,https://www.youtube.com/shorts/jx4LHuv_Fl4,"[(""Vomiting"", 0:02-0:09)]",Unique,3.0,,,,,,,,,
Cat,https://www.youtube.com/watch?v=bOUGH71e114,"[(""Coughing"", 0:03-0:07)]",Unique,4.0,V,,,,,,,,
Cat,https://www.youtube.com/shorts/CiW8_QHlI34,"[(""Coughing"", 0:00-0:20)]",Unique,5.0,,,,,,,,,
Cat,https://www.youtube.com/shorts/Qq4wHSCWvBk,"[(""Coughing"", 0:02-0:06)]",Unique,3.0,,,,,,,,,
Cat,https://www.youtube.com/watch?v=jbAk03bgvK0,"[(""Coughing"", 0:03-0:18)]",Unique,5.0,,,,,,,,,
Cat,https://www.youtube.com/watch?v=9VXecrwsqUg,"[(""Coughing"", 0:13-0:21), (""Coughing"", 0:23-0:27), (""Coughing"", 0:55-0:59)]",Unique,4.0,,,,,,,,,
Cat,https://www.youtube.com/watch?v=3GakkrGCkig,"[(""Coughing"", 0:00-0:10)]",Unique,5.0,,,,,,,,,
Cat,https://www.youtube.com/watch?v=fQ8rzULpmZs,"[(""Coughing"", 0:10-0:14)]",Unique,2.0,,,,,,,,,
Cat,https://www.youtube.com/watch?v=o1kqiSs2vXM,"[(""Coughing"", 0:00-0:15)]",Unique,4.0,,,,,,,,,
Cat,https://www.youtube.com/watch?v=iE5A7Nwf_QI,"[(""Coughing"", 0:07-0:15)]",Unique,1.0,,,,,,,,,
Cat,https://www.youtube.com/watch?v=anxnXbKdozE,"[(""Coughing"", 0:12-0:16)]",Unique,5.0,,,,,,,,,
Cat,https://www.youtube.com/shorts/vYGTuA33CHQ,"[(""Coughing"", 0:00-0:05)]",Unique,4.0,,,,,,,,,
Cat,https://www.youtube.com/watch?v=EY5olXKxy90,"[(""Coughing"", 0:00-0:15)]",Unique,3.0,,,,,,,,,
Cat,https://www.youtube.com/watch?v=Ac-SnvzU62A,"[(""Standing(on all fours)"", 0:00-0:05), (""Standing(on all fours)"", 0:09-0:15)]",Unique,5.0,V,,,,,,,,
Cat,https://www.youtube.com/shorts/YJcgDmez02M,"[(""Coughing"", 0:00-0:06)]",Unique,3.0,V,,,,,,,,
Cat,https://www.youtube.com/watch?v=aFe3q3g2z2Y,"[(""Coughing"", 0:07-0:11), (""Coughing"", 0:13-0:17)]",Unique,4.0,,,,,,,,,
Cat,https://www.youtube.com/watch?v=kMoPW7Hw1XQ,"[(""Coughing"", 0:00-0:05)]",Unique,2.0,,,,,,,,,
Cat,https://www.youtube.com/shorts/0fhMwu1tOs8,"[(""Coughing"", 0:00-0:08)]",Unique,1.0,,,,,,,,,
Cat,https://www.youtube.com/shorts/bvJpH-Zcwas,"[(""Vomiting"", 0:00-0:07)]",Unique,2.0,,,,,,,,,
Cat,https://www.youtube.com/watch?v=dLOrP-vhpfk,"[(""Vomiting"", 0:03-0:08)]",Unique,1.0,V,,,,,,,,
Cat,https://www.youtube.com/watch?v=HECLpPg7Sc8,"[(""Vomiting"", 0:09-0:18)]",Unique,4.0,,,,,,,,,
Cat,https://www.youtube.com/watch?v=6JUEmTw5Z08,"[(""Coughing"", 0:00-0:12)]",Unique,3.0,,,,,,,,,
Cat,https://www.youtube.com/shorts/bCglOndNHas,"[(""Movement Disorder"", 0:00-0:04)]",Unique,5.0,V,,,,,,,,
Cat,https://www.youtube.com/watch?v=V9roAtQY2sM,"[(""Movement Disorder"", 0:23-0:28), (""Movement Disorder"", 1:18-1:27)]",Unique,2.0,,,,,,,,,
Cat,https://www.youtube.com/watch?v=j3eeI0DUgsw,"[(""Movement Disorder"", 0:33-0:43), (""Movement Disorder"", 0:45-0:49)]",Unique,1.0,,,,,,,,,
Cat,https://www.youtube.com/watch?v=c7PKoF48naA,"[(""Movement Disorder"", 0:04-0:12)]",Unique,4.0,,,,,,,,,
Cat,https://www.youtube.com/watch?v=hnDy-utzQ24,"[(""Movement Disorder"", 0:13-0:17)]",Unique,3.0,,,,,,,,,
Cat,https://www.youtube.com/watch?v=CjiU2dleQXA,"[(""Movement Disorder"", 0:14-0:19), (""Movement Disorder"", 0:23-0:30)]",Unique,5.0,,,,,,,,,
Cat,https://www.youtube.com/watch?v=yV-sRJcE0aY,"[(""Movement Disorder"", 0:05-0:15)]",Unique,4.0,,,,,,,,,
Cat,https://www.youtube.com/watch?v=wt1Fy9c9GYQ,"[(""Movement Disorder"", 0:13-0:17)]",Unique,2.0,,,,,,,,,
Cat,https://www.youtube.com/watch?v=tIx7YJRxqCk,"[(""Movement Disorder"", 0:00-0:05)]",Unique,1.0,,,,,,,,,
Cat,https://www.youtube.com/shorts/5fj4-2-2x8Q,"[(""Standing(bipedal)"", 0:00-0:05)]",Unique,1.0,V,,,,,,,,
Cat,https://www.youtube.com/watch?v=Iab6XgRRNQY,"[(""Coughing"", 0:04-0:12)]",Unique,5.0,,,,,,,,,
Cat,https://www.youtube.com/watch?v=jKc1nBavpno,"[(""Coughing"", 0:05-0:19)]",Unique,2.0,,,,,,,,,
Cat,https://www.youtube.com/watch?v=I5iC510LmuI,"[(""Coughing"", 0:02-0:05)]",Unique,4.0,,,,,,,,,
Cat,https://www.youtube.com/watch?v=5D6qWOqvcrg,"[(""Coughing"", 0:01-0:07)]",Unique,3.0,,,,,,,,,
Cat,https://www.youtube.com/watch?v=8YUphRwp474,"[(""Coughing"", 0:01-0:08)]",Unique,2.0,V,,,,,,,,
Cat,https://www.youtube.com/watch?v=ZvvrP-2o8Bk,"[(""Seizures"", 0:01-0:15)]",Unique,5.0,,,,,,,,,
Cat,https://www.youtube.com/watch?v=hgwCkn3DJ-8,"[(""Lying"", 0:00-0:25), (""Movement Disorder"", 0:29-0:42)]",Unique,1.0,,,,,,,,,
Dog,https://www.youtube.com/watch?v=GyFahFjrcEc,"[(""Seizures"", 0:01-0:13)]",Unique,1.0,,,,,,,,,
Dog,https://www.youtube.com/watch?v=l8GCUB3wt8A,"[(""Seizures"", 0:01-1:19)]",Unique,1.0,,,,,,,,,
Cat,https://www.youtube.com/shorts/JChbpFSvPb4,"[(""Seizures"", 0:01-0:10)]",Unique,1.0,V,,,,,,,,
Cat,https://www.youtube.com/watch?v=si_EjcNJTU0,"[(""Walking"", 0:10-0:13)]",Unique,1.0,,,,,,,,,
Dog,https://www.youtube.com/watch?v=3Aix-qfDrv0,"[(""Coughing"", 0:09-0:21)]",Unique,2.0,,,,,,,,,
Dog,https://www.youtube.com/watch?v=mcy0Wkl05Ys,"[(""Coughing"", 0:03-0:11)]",Unique,1.0,,,,,,,,,
Dog,https://www.youtube.com/watch?v=-wCEm7p4sJk,"[(""Walking"", 00:00:01-00:00:06), (""Walking"", 00:22:38-0:22:43)]",Unique,5.0,,,,,,,,,
Cat,https://www.youtube.com/shorts/7mZvNdcaT0Y,"[(""Coughing"", 0:00-0:05)]",Unique,1.0,,,,,,,,,
Cat,https://www.youtube.com/watch?v=MVV_HXtEbLo,"[(""Standing(bipedal)"", 0:00-0:46)]",Unique,4.0,,,,,,,,,
Cat,https://www.youtube.com/watch?v=umsZsDarpGI,"[(""Standing(bipedal)"", 0:20-0:27)]",Unique,1.0,,,,,,,,,
Cat,https://www.youtube.com/shorts/erHzig4ppNU,"[(""Standing(bipedal)"", 0:02-0:10)]",Unique,5.0,,,,,,,,,
Cat,https://www.youtube.com/shorts/jA5MS39Qm3Y,"[(""Standing(bipedal)"", 0:00-0:14)]",Unique,4.0,,,,,,,,,
Cat,https://www.youtube.com/shorts/0xHIV-C1QnA,"[(""Standing(bipedal)"", 0:00-0:10)]",Unique,3.0,,,,,,,,,
Cat,https://www.youtube.com/shorts/QO3s6giBO30,"[(""Standing(bipedal)"", 0:00-0:10)]",Unique,2.0,,,,,,,,,
Cat,https://www.youtube.com/shorts/NIV5Xe57Tqc,"[(""Standing(bipedal)"", 0:00-0:06)]",Unique,4.0,,,,,,,,,
Cat,https://www.youtube.com/shorts/FEsCiibMVEA,"[(""Standing(bipedal)"", 0:07-0:12)]",Unique,3.0,,,,,,,,,
Cat,https://www.youtube.com/watch?v=chKqtR-RZrU,"[(""Standing(bipedal)"", 0:05-0:12)]",Unique,2.0,,,,,,,,,
Cat,https://www.youtube.com/shorts/x6niW-piycc,"[(""Standing(bipedal)"", 0:05-0:13)]",Unique,1.0,,,,,,,,,
Dog,https://www.youtube.com/watch?v=cbeHr0hwUXU,"[(""Standing(bipedal)"", 0:00-0:05), (""Standing(bipedal)"", 0:05-0:09), (""Standing(bipedal)"", 0:23-0:28), (""Standing(bipedal)"", 1:08-1:13), (""Standing(bipedal)"", 1:21-1:25), (""Standing(bipedal)"", 1:53-2:00)]",Unique,,,,,,,,,,
Dog,https://www.youtube.com/watch?v=LWB5x7GSJVY,"[(""Standing(bipedal)"", 3:43-3:03)]",Unique,,,,,,,,,,
Dog,https://www.youtube.com/watch?v=MbKv8qUXt2E,"[(""Standing(bipedal)"", 0:09-0:19), (""Standing(bipedal)"", 0:29-0:34)]",Unique,,,,,,,,,,
